farmers_ahead,currently_waiting,currently_processing,active_counters,average_processing_time,hour,day_of_week,waiting_time_minutes
6,8,1,5,8.75,13,6,15.0
19,22,4,2,8.81,13,2,108.8
28,37,1,1,9.58,11,1,318.8
14,19,2,4,7.71,11,5,42.7
10,19,3,1,9.53,11,1,120.4
7,13,4,2,5.31,14,4,37.7
28,31,2,2,5.38,12,0,120.8
20,27,2,1,8.2,11,6,202.6
6,10,4,4,8.85,10,3,20.9
25,25,4,1,11.21,11,2,332.1
18,21,2,5,5.73,12,1,34.9
22,24,1,3,10.76,14,3,97.2
10,18,2,5,6.47,12,2,23.9
10,17,4,3,7.76,16,3,31.2
23,23,2,2,7.22,11,2,107.6
20,25,1,4,7.8,11,3,53.7
3,11,3,1,6.05,11,5,27.9
7,13,3,4,8.52,16,4,18.7
23,26,2,1,10.61,12,0,367.1
2,2,1,5,8.09,9,3,2.3
21,22,3,5,8.43,10,0,64.0
20,24,2,1,10.94,10,3,258.0
1,5,2,4,9.94,11,6,7.0
23,30,1,1,8.43,14,1,233.0
11,16,4,2,6.8,16,4,51.1
29,36,2,5,11.19,9,6,67.0
5,6,4,2,9.04,17,5,25.8
1,3,4,5,6.55,9,4,7.9
27,32,3,5,6.88,10,0,71.9
20,29,4,3,10.62,11,1,95.1
0,2,1,2,5.31,15,2,3.7
11,16,3,2,11.94,17,6,62.5
25,30,3,3,5.91,11,4,88.6
21,22,3,4,10.57,16,5,53.5
28,34,2,2,7.76,17,6,98.8
11,12,2,1,8.45,15,1,78.7
24,29,4,3,11.16,12,1,114.1
16,16,3,2,7.89,12,0,103.9
26,28,3,4,8.76,12,5,78.9
26,27,1,2,5.35,14,1,90.7
9,15,4,5,5.02,12,1,19.8
27,30,1,1,6.71,13,2,214.5
27,34,4,3,9.76,17,0,103.1
15,20,4,5,5.85,15,0,30.4
14,23,2,4,5.8,16,5,28.5
29,32,2,5,7.88,13,1,66.9
29,33,1,5,9.53,13,2,77.3
14,22,4,4,9.98,15,3,39.7
29,35,3,5,6.25,16,4,54.0
18,27,2,3,5.56,17,6,41.7
11,19,3,2,11.58,10,0,104.2
22,28,1,5,6.82,11,2,47.8
19,19,2,3,10.97,10,5,88.8
24,31,2,2,11.04,15,2,113.2
2,5,4,2,10.41,10,1,16.4
4,6,1,5,6.18,10,4,11.6
18,24,4,3,10.75,10,0,107.1
6,8,2,5,10.38,12,3,20.5
20,27,1,4,9.18,9,1,50.5
8,13,2,2,7.36,10,0,51.4
6,10,1,5,6.84,11,6,16.9
17,20,2,2,5.85,15,5,48.6
3,10,3,3,8.57,9,0,14.4
24,31,3,1,9.1,14,2,261.5
27,27,4,5,7.52,11,6,59.6
13,21,3,5,8.33,11,4,46.2
17,21,2,2,7.54,12,3,84.5
25,28,2,3,9.49,12,4,128.3
8,13,3,4,11.31,15,2,28.6
25,30,4,3,6.15,11,3,70.4
20,21,3,5,7.67,16,3,36.6
1,8,1,4,5.99,16,1,2.9
19,25,1,3,9.37,15,3,56.6
27,27,1,1,10.1,10,0,403.5
14,18,3,2,11.52,13,4,128.1
27,32,3,3,6.95,14,5,87.2
6,9,3,3,11.65,12,5,36.1
11,12,1,1,5.44,13,4,90.9
28,31,4,5,9.22,17,1,58.1
7,7,2,2,5.4,15,3,20.0
14,20,3,3,11.26,10,2,67.4
2,3,4,4,8.71,9,6,7.5
13,14,2,3,9.69,10,6,54.9
16,24,2,2,10.82,11,0,138.7
3,7,2,3,6.05,10,1,12.9
17,18,4,1,5.27,11,6,110.5
7,15,4,3,11.15,17,3,30.4
3,11,1,3,7.2,12,5,17.7
1,1,4,4,5.9,17,2,6.6
29,31,4,1,8.28,11,3,286.7
5,8,4,1,9.19,9,1,44.1
21,27,2,3,5.22,13,2,55.8
9,18,3,4,6.92,10,6,27.4
3,6,1,3,5.23,12,2,10.5
21,22,3,3,7.94,10,2,74.3
28,34,3,2,11.27,10,2,196.1
17,22,4,2,11.88,11,6,127.5
25,27,1,4,9.46,13,3,79.5
11,16,3,5,6.13,12,2,23.7
1,6,3,2,11.34,10,3,10.7
9,13,1,5,8.61,10,2,25.7
29,32,4,1,6.08,14,2,215.7
3,12,3,2,11.45,15,1,22.1
13,13,2,2,10.3,14,3,82.3
15,24,3,4,10.12,15,5,44.0
14,19,2,5,9.96,9,3,30.1
7,8,4,2,6.4,14,4,39.9
13,15,3,2,6.48,11,6,58.5
22,29,1,4,9.82,9,5,56.5
27,36,1,4,6.54,16,1,48.3
24,29,3,5,8.07,12,3,62.7
29,31,4,1,10.47,16,1,250.2
7,13,4,1,10.49,12,5,90.5
20,23,1,3,8.17,12,1,72.4
15,23,3,2,10.55,12,1,101.0
12,16,4,5,10.87,14,0,49.6
17,19,1,2,9.58,17,3,71.0
14,15,2,5,6.6,13,1,29.3
20,21,3,5,6.92,16,0,37.2
23,25,2,5,7.2,16,0,46.8
25,26,2,2,5.82,12,2,92.3
24,27,4,4,6.91,17,2,45.1
27,28,4,2,6.47,17,6,83.5
27,36,4,5,8.19,13,5,72.1
27,35,3,3,11.36,14,3,131.9
12,13,2,1,5.73,13,2,86.4
8,16,3,5,10.04,11,5,30.2
28,33,4,3,9.81,16,3,89.7
14,14,2,4,5.67,17,5,22.6
12,15,3,5,11.46,12,6,38.4
0,0,3,3,8.98,17,6,1.0
24,29,1,5,7.55,17,0,47.7
6,9,3,2,10.3,15,0,39.7
8,10,4,3,6.8,16,3,20.4
23,25,3,2,9.85,11,5,142.5
0,8,2,2,5.28,13,5,1.1
11,16,3,3,10.88,11,2,55.1
7,15,1,1,8.14,15,2,52.2
23,27,2,3,9.46,14,3,93.4
10,11,2,1,6.55,11,4,101.3
18,25,1,5,9.74,17,2,37.2
16,20,4,5,10.41,9,1,39.7
7,8,2,3,8.31,11,2,27.9
2,5,4,5,9.32,15,4,10.6
2,10,2,4,8.19,11,5,14.1
0,3,2,2,11.26,11,0,4.3
26,29,4,2,8.49,10,0,173.6
4,5,2,1,10.89,17,5,37.6
9,14,4,5,10.61,12,0,37.7
6,7,1,1,7.87,14,2,57.3
25,31,4,2,6.61,10,6,115.2
8,10,1,2,7.84,17,0,36.6
27,29,2,5,10.78,15,6,54.5
6,10,4,4,6.59,13,4,21.9
8,10,2,4,8.67,15,6,15.8
7,8,4,5,10.64,12,4,28.8
11,20,1,5,7.47,15,2,17.8
1,9,1,1,9.5,10,5,13.7
0,1,4,5,6.72,15,1,1.0
15,16,1,4,5.76,12,2,32.7
22,29,2,5,10.56,12,0,80.8
22,30,2,1,5.69,9,2,110.8
29,35,3,1,6.9,11,4,305.0
23,25,1,1,10.99,13,2,292.7
4,12,2,1,7.43,13,2,41.6
2,4,4,3,11.81,10,1,19.1
11,15,1,5,11.86,12,4,45.5
7,15,2,2,6.88,9,3,26.0
21,23,1,5,5.29,17,3,24.5
26,32,4,3,9.94,9,4,100.0
2,2,2,1,8.16,14,3,22.5
0,3,3,3,5.71,15,0,5.1
2,5,3,4,9.95,11,3,11.7
4,10,1,4,5.22,9,0,11.9
14,21,4,5,11.09,15,4,45.0
13,13,2,5,5.97,11,3,26.1
2,6,4,2,5.89,14,3,12.5
0,6,2,2,6.23,14,5,3.3
4,7,1,4,11.72,12,6,15.5
25,28,2,1,9.85,14,0,367.7
22,25,4,3,10.61,12,0,127.3
13,18,4,2,7.78,16,2,54.1
6,12,1,2,7.35,17,1,20.3
26,27,4,1,6.64,10,3,210.8
8,12,2,1,8.36,15,5,61.4
14,17,1,5,8.86,17,1,28.5
14,16,2,3,9.42,17,6,44.1
25,31,4,1,6.8,13,6,209.6
9,14,1,2,11.64,9,5,49.5
27,33,2,2,6.19,14,1,107.4
12,16,4,4,11.76,16,3,35.4
18,23,4,1,5.1,9,6,84.3
6,10,3,5,8.37,10,5,14.6
16,22,4,3,7.33,9,0,54.3
19,20,2,5,8.14,13,2,47.7
28,32,1,2,8.99,10,5,154.8
3,8,3,5,8.05,12,4,13.0
29,34,4,2,7.9,9,6,105.9
4,8,4,2,10.13,15,6,23.6
22,31,4,2,9.8,16,3,99.9
6,12,2,2,10.83,13,3,44.9
12,21,3,2,6.75,10,4,69.9
14,21,2,4,9.27,16,6,37.5
10,16,3,5,9.1,9,1,24.8
28,32,1,4,7.59,15,2,53.4
3,3,2,4,8.4,9,1,11.1
12,16,2,1,7.2,14,4,130.2
6,15,1,1,5.99,14,4,58.7
26,27,3,1,6.5,13,2,206.4
18,22,4,3,5.74,10,4,61.6
21,25,1,1,9.78,10,4,307.1
27,28,4,5,9.63,17,6,56.8
1,5,4,4,11.65,13,5,8.4
9,12,1,5,10.11,13,6,26.3
12,12,3,1,5.36,15,2,57.3
29,31,4,3,11.19,14,3,137.8
24,24,1,3,11.04,10,1,114.8
20,24,2,4,8.1,9,3,41.5
5,8,2,5,9.1,13,3,17.8
27,33,2,2,11.83,12,5,194.5
27,31,1,5,8.73,11,1,64.4
11,20,2,1,11.34,10,3,150.9
11,14,4,2,5.58,10,2,46.2
19,20,2,3,6.34,12,1,57.4
29,32,2,4,8.09,10,0,102.6
29,30,4,4,9.09,12,5,96.9
10,17,2,3,10.71,11,3,49.9
25,27,4,1,11.92,17,4,305.5
22,30,2,3,7.72,15,1,58.6
27,30,4,1,5.33,11,0,223.2
24,29,2,2,10.61,16,4,140.3
6,15,4,3,9.23,17,0,26.3
29,33,1,1,6.39,15,3,160.9
0,9,4,2,8.46,14,4,7.7
0,0,2,3,10.2,12,3,1.0
24,32,2,4,10.39,13,4,103.4
26,26,3,3,8.5,16,1,72.0
29,36,4,5,7.14,11,6,68.1
24,32,1,3,11.82,10,2,117.8
19,27,4,5,9.64,11,6,58.3
12,12,4,2,7.86,15,2,41.8
8,9,1,3,6.96,16,6,18.8
2,2,4,2,10.12,9,0,17.7
6,15,1,2,6.7,15,5,21.5
5,6,1,1,6.2,17,4,30.9
7,16,4,2,8.71,11,3,45.8
26,33,4,2,7.03,11,5,119.6
8,12,2,3,9.4,16,1,27.6
29,35,2,3,5.83,12,1,78.0
4,5,3,4,9.58,16,1,11.4
0,7,3,1,6.98,13,2,5.0
18,23,4,2,5.0,11,3,65.0
9,16,1,1,5.89,12,1,66.9
11,11,3,5,11.54,12,1,34.2
23,23,4,2,11.07,16,6,111.8
14,20,3,1,6.64,14,0,147.2
26,33,1,4,10.45,15,4,80.4
21,23,4,4,9.26,17,4,62.1
23,27,1,2,11.8,14,4,207.6
8,8,4,5,7.62,11,5,19.3
19,25,3,4,9.77,11,6,69.9
16,20,2,4,5.44,11,6,34.0
29,36,3,5,7.77,10,0,84.1
16,23,3,1,11.75,9,2,158.1
25,33,2,4,8.77,9,5,57.3
19,25,2,3,7.02,12,0,77.5
11,11,4,4,5.84,11,1,27.8
29,31,4,1,9.92,13,3,338.2
6,13,1,1,9.51,17,5,49.4
1,3,1,2,7.62,16,5,4.1
2,9,3,3,11.66,17,1,12.2
16,16,2,1,5.16,13,1,99.0
4,8,1,5,7.13,16,3,11.0
16,19,3,3,11.45,12,4,102.2
23,27,2,3,7.25,13,5,77.7
16,23,4,5,6.77,11,0,47.7
26,35,3,4,8.74,13,2,80.8
16,19,4,5,10.77,11,1,49.9
1,4,1,5,5.72,13,1,2.5
1,3,1,4,11.6,13,2,7.0
27,33,2,4,10.57,14,0,118.6
21,23,3,4,6.27,17,1,37.8
22,24,4,4,9.98,9,2,59.0
4,13,2,4,7.69,14,6,17.1
0,4,1,5,7.82,9,1,1.0
0,4,1,2,10.48,14,4,1.0
18,23,3,2,11.74,10,4,166.0
29,36,4,1,5.89,16,1,151.9
1,10,3,2,7.94,11,6,13.2
20,25,4,2,8.37,14,1,112.7
11,11,4,5,7.63,14,4,36.6
25,32,3,4,7.54,12,6,70.3
5,12,2,4,5.37,13,1,13.1
22,30,3,5,9.8,10,6,61.5
3,11,3,2,8.05,16,0,19.0
22,23,1,5,6.36,15,0,39.3
10,11,1,1,10.71,14,3,129.8
23,25,3,4,10.62,15,0,74.1
26,26,3,3,8.4,9,5,72.1
16,19,1,1,7.09,13,6,135.9
5,8,4,1,9.47,15,5,45.5
23,31,3,5,7.02,9,5,42.3
4,12,2,2,6.65,10,1,18.2
19,27,2,4,10.11,17,1,49.1
1,10,2,3,5.28,11,2,10.3
5,11,3,1,5.66,14,6,40.4
21,22,4,3,5.05,15,5,38.2
10,19,4,2,6.07,17,5,30.8
15,19,1,2,5.48,13,0,67.2
15,18,3,3,11.97,12,4,96.7
0,7,4,4,7.02,10,6,1.2
8,9,3,2,6.04,11,4,42.2
27,32,1,3,6.69,13,6,82.7
26,30,1,1,11.55,10,6,352.5
5,6,1,3,8.64,12,3,15.1
15,24,2,3,7.55,9,2,38.3
28,28,3,5,11.11,12,4,103.7
2,9,1,2,7.76,15,3,11.9
19,20,3,4,7.35,11,0,62.7
27,33,2,4,6.45,16,2,49.9
26,34,2,5,7.64,14,2,60.0
3,11,1,4,7.22,14,5,11.0
18,25,1,3,9.74,9,6,54.5
25,34,4,5,7.03,13,6,59.5
2,10,3,1,9.04,11,1,26.1
18,19,1,2,5.46,9,6,48.1
19,24,4,2,6.34,16,6,60.9
6,9,3,2,7.85,15,6,25.1
19,22,1,3,11.56,15,5,64.7
8,12,4,1,7.64,12,0,94.8
0,2,4,5,9.65,14,6,1.1
7,7,3,5,6.79,17,5,13.0
6,13,4,2,5.89,11,2,25.1
17,21,3,1,5.41,17,5,82.0
7,9,3,1,7.14,12,6,65.3
0,9,3,1,6.1,13,3,10.1
10,16,2,4,6.22,15,5,19.7
27,33,4,4,10.33,14,4,118.3
24,24,3,2,5.11,16,0,72.0
24,32,1,1,8.9,16,0,223.2
17,18,2,1,7.66,16,2,112.2
22,26,2,5,8.55,11,5,57.0
29,33,4,5,8.94,14,2,77.4
9,16,3,2,7.19,15,2,33.8
2,9,4,1,7.07,17,3,20.7
6,12,2,2,10.13,12,1,38.0
27,33,3,5,11.1,13,2,83.7
15,20,1,5,6.35,16,1,24.9
25,30,3,4,5.68,9,1,44.3
15,23,2,2,11.28,14,0,134.6
24,29,1,2,7.45,12,4,141.9
19,20,3,1,8.86,13,4,253.2
27,28,1,1,7.52,13,5,241.8
16,20,1,4,5.88,10,3,33.8
1,4,2,3,9.13,16,3,4.6
0,1,1,3,8.68,10,4,1.1
15,17,4,3,6.42,12,5,48.1
29,35,2,2,8.16,13,6,145.9
11,18,4,2,10.58,9,4,69.8
4,9,1,5,9.13,14,5,14.6
4,8,4,2,5.68,10,5,20.6
26,26,3,2,8.84,13,5,148.0
22,29,1,2,9.92,14,5,134.2
8,10,3,4,10.55,16,0,27.5
8,13,4,2,9.4,17,0,46.0
2,4,3,1,6.07,14,4,22.5
18,24,1,1,9.97,13,5,212.1
15,21,3,5,9.74,12,2,42.1
15,23,4,4,5.17,10,5,34.7
2,6,4,1,7.88,10,2,24.7
19,26,4,4,7.33,15,0,51.7
23,32,1,4,9.69,13,5,81.1
21,30,4,5,6.51,15,1,40.4
23,30,1,4,9.14,9,4,63.0
0,0,3,2,11.39,9,5,3.1
23,27,4,4,10.58,13,3,83.8
19,21,3,5,11.45,10,2,64.5
10,10,2,5,11.85,16,6,24.2
16,19,3,5,5.07,11,6,26.8
7,14,2,1,9.36,9,5,57.1
3,5,3,2,7.89,10,1,20.4
5,14,1,1,11.02,15,2,50.3
7,8,3,3,6.76,14,1,24.2
19,27,1,2,11.87,16,6,99.6
29,38,1,4,9.3,15,4,77.7
2,6,4,5,10.55,16,6,10.6
15,21,1,3,5.6,11,4,51.6
29,30,2,2,6.28,14,4,143.7
24,32,4,1,10.31,15,0,257.8
2,10,4,5,5.15,9,6,6.6
24,27,3,1,10.72,9,6,214.4
28,31,1,2,5.1,15,1,66.8
17,22,1,2,9.6,11,5,102.3
13,22,2,3,7.56,11,3,49.2
17,26,3,4,9.28,13,3,61.4
1,10,3,1,9.87,14,4,21.5
21,26,4,3,7.4,10,3,72.4
2,2,4,5,5.76,11,2,8.5
15,23,4,4,5.49,14,1,39.7
28,29,2,3,9.12,11,1,109.4
8,12,2,1,8.64,13,1,83.1
3,11,4,2,10.2,17,2,17.8
0,3,3,5,8.57,11,5,1.0
3,5,2,1,7.96,14,0,40.4
0,6,3,4,7.79,13,2,1.6
13,18,3,4,5.19,13,1,28.5
20,27,1,2,7.35,14,1,93.2
15,17,4,2,11.83,14,6,111.6
19,23,1,5,11.11,9,1,42.2
23,32,4,5,7.31,17,5,42.8
7,10,4,2,9.11,13,3,47.4
6,9,3,2,10.93,9,0,42.3
2,5,4,4,8.09,16,2,6.7
16,25,3,2,5.13,15,1,45.6
0,7,3,3,5.52,15,6,1.4
15,20,4,1,8.57,13,6,157.0
11,13,3,2,11.79,9,4,72.8
26,35,3,5,9.85,17,0,67.3
18,22,3,3,5.5,17,6,38.1
21,26,2,5,6.33,16,4,40.1
22,26,3,3,10.4,13,0,124.2
21,26,2,2,10.89,11,1,140.1
13,20,2,1,9.32,16,0,127.6
29,35,3,5,9.51,9,0,68.6
5,9,3,3,5.2,11,1,15.2
5,14,2,4,10.8,15,5,22.3
12,17,2,2,10.52,12,6,78.6
18,21,3,1,6.81,15,4,129.5
21,29,3,2,9.96,13,5,133.5
7,10,4,4,6.5,14,4,24.9
26,26,2,1,5.28,15,3,117.5
26,32,2,4,6.41,15,6,49.9
1,7,4,2,6.25,15,4,11.8
20,23,2,3,7.36,15,4,58.5
29,31,1,2,7.93,15,0,125.1
0,7,2,2,8.56,11,3,2.0
27,31,4,2,8.34,11,1,145.6
14,23,1,5,6.89,15,1,24.6
0,6,3,4,5.2,10,2,1.0
4,7,4,4,9.24,10,3,17.9
27,30,4,4,7.77,11,0,89.1
28,35,3,5,7.09,12,2,66.6
15,22,4,3,11.07,14,2,73.9
18,19,2,2,10.23,16,1,80.1
3,4,3,3,11.0,15,4,16.5
2,4,4,5,8.46,12,0,10.7
16,18,3,4,5.92,10,3,36.8
16,16,3,2,9.87,10,2,99.7
11,13,3,1,6.44,12,0,113.7
27,32,1,1,8.09,14,1,261.2
29,36,4,3,5.46,11,2,81.5
28,37,1,4,10.78,14,2,98.8
13,18,4,1,5.88,13,5,98.7
20,24,2,3,11.32,13,1,97.2
5,8,2,5,11.05,10,5,18.7
2,4,2,3,8.25,16,1,11.0
27,30,4,3,10.21,13,1,119.7
8,14,3,3,9.34,10,5,36.4
4,4,3,2,10.62,15,6,22.5
23,29,1,3,8.02,17,0,69.4
28,28,1,3,10.5,17,0,107.7
16,17,2,2,8.24,9,6,59.3
13,16,1,2,11.59,15,0,79.4
20,20,4,5,8.4,17,4,47.8
2,10,4,4,8.24,14,2,11.3
27,32,1,1,10.5,9,0,290.7
0,0,1,1,10.75,10,4,3.6
19,19,1,3,8.88,12,2,74.8
28,33,1,5,6.26,12,0,64.8
20,23,2,3,8.27,10,1,75.5
22,25,2,1,11.78,16,6,212.0
0,5,1,2,10.27,10,3,1.7
2,8,4,4,10.68,11,0,13.5
17,25,2,5,5.23,12,3,29.5
24,33,4,2,8.28,17,0,115.3
9,13,3,4,9.53,9,1,24.1
21,29,4,5,10.81,16,6,53.0
25,28,1,5,5.34,13,6,44.0
2,11,3,1,10.97,15,3,24.4
7,8,2,2,8.84,16,4,33.5
13,15,2,5,6.38,13,1,28.1
23,23,3,5,7.22,16,3,36.2
17,22,4,4,6.97,16,3,34.8
14,19,2,1,8.72,17,5,101.4
21,21,1,3,5.36,10,5,51.5
22,24,3,1,6.11,11,1,166.8
1,5,1,3,10.69,9,1,5.9
26,28,3,2,5.93,12,1,100.6
9,18,2,2,6.63,13,2,40.1
1,3,4,5,8.17,9,4,8.7
25,34,3,2,8.62,16,0,121.0
16,18,3,5,10.35,10,5,48.3
7,11,1,1,8.13,9,6,48.4
0,4,2,2,10.53,10,6,4.7
8,11,1,1,9.33,13,3,89.2
10,10,2,1,5.79,17,5,50.6
21,25,1,2,6.09,17,0,74.7
15,24,3,1,8.06,10,1,153.4
6,10,1,2,7.78,10,6,33.2
28,31,4,2,10.2,11,5,177.7
9,14,2,2,9.07,15,4,47.9
22,31,2,3,7.72,11,4,95.1
25,28,3,1,6.2,9,2,131.4
2,8,2,4,6.59,14,5,8.2
17,23,4,2,9.03,11,1,98.8
24,25,1,1,7.96,9,3,158.7
23,25,3,5,8.6,12,2,56.0
12,12,4,2,6.19,9,1,40.7
27,34,2,2,9.64,9,2,117.1
25,33,2,4,10.97,10,5,92.8
6,9,4,3,6.81,16,0,21.7
24,29,1,3,8.44,10,6,87.7
3,11,1,2,11.83,10,5,26.1
12,17,3,1,7.33,16,1,79.9
19,27,2,5,9.17,14,3,51.0
0,3,4,5,5.63,12,3,1.0
7,14,1,1,9.24,11,1,81.0
13,21,3,2,5.63,9,2,40.6
15,18,2,5,11.71,11,4,57.9
13,17,2,3,10.01,17,1,40.9
11,18,3,1,10.52,13,6,139.2
18,27,3,4,9.93,14,5,63.2
22,27,1,2,9.13,13,3,124.3
14,20,4,1,8.15,9,0,123.8
27,29,2,5,11.01,9,3,58.2
1,7,4,2,11.7,12,4,14.5
1,8,2,3,8.49,11,3,8.3
22,31,2,2,11.52,16,4,139.0
21,26,4,2,9.08,15,6,87.5
18,27,3,3,8.77,15,1,57.0
24,32,1,3,8.18,16,3,65.1
25,30,2,2,6.47,15,2,73.0
29,37,3,3,5.03,10,5,74.1
28,31,2,1,6.69,12,2,226.8
21,28,1,3,8.57,14,5,79.0
25,28,2,3,7.66,11,3,82.4
25,26,1,2,8.14,11,6,126.1
21,30,1,1,11.86,14,3,293.5
16,24,2,4,7.45,9,5,32.6
19,23,2,4,8.17,9,6,38.4
9,12,1,5,5.93,13,0,21.2
5,6,3,3,5.34,9,6,12.3
14,14,4,3,10.43,16,3,46.8
21,27,1,1,8.99,10,0,283.4
10,15,2,4,10.32,14,0,43.3
27,28,2,5,6.05,13,5,49.5
4,11,3,1,9.0,12,0,60.8
0,3,4,3,6.78,9,0,3.3
7,14,1,4,6.6,11,1,16.4
20,26,1,5,5.08,12,6,33.5
27,31,4,2,5.91,10,2,104.9
11,20,1,4,7.16,10,0,38.1
11,20,4,5,5.82,10,2,27.8
4,11,2,1,11.9,9,0,50.0
6,14,4,2,7.16,10,2,36.1
3,7,1,5,5.91,14,3,5.8
5,14,4,5,6.39,11,3,20.7
12,16,3,3,9.11,13,2,50.9
19,20,2,4,5.45,9,6,27.7
29,33,2,3,11.04,16,0,117.6
14,16,4,2,11.73,12,1,104.3
2,8,1,5,6.73,17,6,5.7
22,31,3,3,8.15,12,2,83.0
7,11,2,4,5.15,10,6,20.2
19,26,2,2,9.48,11,4,140.9
15,15,1,1,7.9,13,1,140.6
12,14,1,3,6.89,14,4,49.3
17,19,3,2,6.45,15,2,53.7
27,35,4,1,9.58,12,0,387.3
9,13,1,3,7.91,15,6,25.6
29,37,4,2,6.26,11,6,119.4
18,26,3,2,9.82,15,4,103.2
16,16,4,3,8.96,12,6,63.3
23,24,2,2,11.01,16,2,114.8
18,22,4,5,5.82,17,1,32.6
27,30,3,3,10.5,15,0,106.4
25,34,3,2,9.71,16,4,135.9
22,30,3,1,5.81,16,6,114.8
25,31,4,1,9.86,10,2,296.2
4,9,2,5,8.09,17,0,13.2
25,31,1,3,11.61,14,0,155.2
20,20,2,2,5.99,12,3,77.6
29,29,4,2,9.5,13,0,213.7
22,29,4,1,7.67,13,2,205.6
8,9,1,5,11.7,15,1,20.8
11,20,4,1,7.31,17,5,75.0
20,28,3,1,11.74,15,3,194.9
0,6,3,5,11.31,17,2,3.4
25,30,3,3,6.89,12,2,76.1
25,25,3,2,10.62,12,2,163.6
0,0,3,3,11.97,14,4,3.4
14,15,4,4,6.77,16,6,32.3
1,6,1,4,8.06,17,4,2.5
29,34,1,4,8.64,9,1,65.8
21,22,3,5,7.06,9,2,35.2
15,15,4,1,5.11,16,6,70.4
24,33,2,3,6.54,15,4,70.1
7,11,2,2,6.97,17,4,31.8
12,16,4,4,8.11,11,4,47.0
20,21,3,3,6.2,13,1,59.0
0,5,1,4,11.11,11,1,1.0
15,23,4,4,9.93,13,2,55.9
28,29,2,2,5.6,9,3,72.5
6,15,2,5,9.55,12,2,21.2
4,5,2,1,9.58,14,4,54.8
21,23,3,5,11.69,10,5,68.9
28,34,2,3,5.02,15,6,51.6
22,27,4,5,6.74,16,4,43.9
2,9,4,3,11.49,9,0,16.3
11,18,2,3,11.52,12,5,54.3
25,30,4,1,10.04,12,5,303.1
15,24,2,2,10.36,13,6,99.2
18,20,2,1,5.64,12,2,124.3
4,6,1,5,8.6,17,4,8.4
21,21,3,3,6.62,15,4,57.4
24,30,3,4,6.27,10,3,60.7
28,32,1,4,10.67,9,0,89.1
13,16,1,3,5.95,17,2,29.0
27,36,3,1,8.28,9,1,190.1
4,7,2,2,11.57,14,2,30.5
14,17,2,1,6.3,10,5,105.5
16,21,3,3,11.85,12,2,82.7
29,36,2,3,11.96,14,3,146.4
13,20,1,2,8.89,13,2,76.3
29,33,2,5,6.19,14,3,56.6
19,24,2,5,7.21,11,5,46.1
4,7,4,2,7.97,13,3,27.9
11,19,4,5,7.17,10,6,29.2
15,22,4,4,6.96,15,6,30.0
25,34,2,5,11.81,11,4,103.6
25,34,3,5,6.07,9,1,43.2
15,15,1,5,10.13,16,5,27.7
20,21,2,4,5.0,16,3,33.0
6,14,3,5,9.17,11,0,25.8
3,10,2,4,11.41,15,5,13.3
0,2,1,2,7.02,17,0,4.7
29,36,2,1,6.3,16,1,159.2
29,29,1,2,9.56,11,3,170.1
4,13,2,1,9.99,10,5,53.5
22,25,1,2,9.82,15,5,95.0
25,27,2,1,7.24,15,1,150.8
9,14,1,1,6.77,17,4,66.2
21,27,4,3,11.69,13,0,131.4
4,7,2,1,11.46,12,5,56.1
3,9,2,1,8.2,16,2,24.1
1,9,3,3,10.92,12,0,11.2
19,20,3,5,8.17,12,3,46.8
9,11,1,5,7.97,10,1,21.1
25,29,2,3,6.1,9,0,64.7
18,20,1,4,7.98,12,2,46.4
25,32,4,1,8.76,15,6,184.9
0,9,3,1,5.16,17,2,9.3
23,30,1,3,8.11,17,1,60.1
4,11,1,3,10.47,9,1,15.9
12,20,3,4,9.76,13,6,41.4
3,6,2,5,9.45,15,0,11.1
15,19,1,2,11.37,15,3,75.3
23,27,3,5,5.13,14,4,49.3
15,22,2,1,8.9,12,2,163.5
22,28,4,3,10.51,11,1,103.1
1,9,3,4,8.79,17,4,10.3
16,23,1,5,7.27,12,4,44.1
27,28,4,4,5.95,16,4,56.7
26,35,2,5,11.21,9,3,57.9
19,22,2,1,8.3,15,1,130.0
23,28,3,2,11.15,14,2,162.2
11,12,3,4,9.1,9,1,22.6
17,23,3,4,9.72,12,0,71.9
2,4,2,2,10.63,13,2,18.3
27,29,4,4,9.61,16,1,65.9
0,1,2,4,7.79,12,2,1.0
0,7,1,5,8.6,11,0,1.0
28,33,2,5,10.62,10,5,81.8
18,18,1,2,7.62,12,2,85.6
10,10,4,1,7.72,12,5,94.2
4,10,3,4,5.67,13,4,18.0
11,18,3,1,11.4,15,6,109.6
2,6,2,2,5.64,17,3,8.8
0,4,3,2,9.54,10,0,1.7
0,3,4,5,7.89,13,2,1.4
7,12,3,4,7.84,17,0,21.4
9,14,2,3,9.76,11,4,51.1
10,12,4,2,5.47,9,5,28.5
11,19,1,4,9.16,10,3,35.6
28,34,2,1,10.4,14,0,435.8
12,12,1,5,10.8,13,5,37.0
11,17,4,1,6.19,9,4,77.0
13,17,2,2,11.28,9,4,78.2
1,5,2,2,9.59,12,4,17.9
28,29,4,1,11.17,12,6,369.9
18,21,3,2,8.4,14,5,96.5
17,22,2,4,8.79,14,2,55.0
2,11,2,2,11.43,14,1,19.4
22,28,1,5,11.3,9,0,62.7
16,20,3,4,8.14,17,6,36.8
25,33,1,3,6.92,15,1,58.7
7,9,1,2,7.75,15,4,31.1
28,28,3,2,7.71,15,1,94.5
25,28,3,5,7.01,10,5,58.1
9,17,4,5,6.88,10,4,27.5
25,28,3,1,11.03,14,6,322.2
29,30,2,1,5.49,15,4,169.6
1,10,3,1,9.74,11,3,16.6
18,22,4,5,6.21,12,3,38.6
8,10,4,1,7.41,11,6,76.9
6,14,4,1,5.43,15,5,37.3
3,6,3,3,6.89,15,5,12.9
25,30,3,1,10.38,12,1,306.9
20,21,1,2,11.2,15,6,95.3
17,22,1,5,6.55,13,0,42.8
12,14,2,4,8.24,9,6,23.4
10,18,1,3,8.29,12,1,40.6
28,29,2,5,11.12,15,5,58.7
23,31,4,5,10.34,10,0,89.7
3,7,1,2,8.59,10,6,17.7
24,31,3,1,9.7,9,1,193.6
20,21,1,2,10.93,10,2,131.0
28,33,2,1,5.07,16,2,122.9
24,26,1,1,7.82,16,0,199.6
3,12,4,5,11.35,16,3,16.7
9,13,3,1,10.18,9,0,95.3
4,11,2,3,8.8,9,1,18.8
8,17,3,3,8.71,12,4,46.2
23,23,3,3,7.43,14,2,76.4
2,6,2,5,8.64,16,4,8.8
16,18,3,2,9.59,10,2,97.1
2,5,3,4,7.93,11,1,14.0
15,16,1,1,10.0,14,2,174.7
3,11,3,4,11.03,12,0,20.2
17,19,3,2,6.08,10,4,84.7
16,17,3,2,8.16,15,5,57.5
6,15,3,5,7.86,12,4,27.5
23,31,2,3,9.81,16,1,70.0
22,28,4,3,6.75,16,5,54.3
29,34,1,2,9.48,15,4,145.7
4,4,3,5,11.14,17,6,11.2
11,15,3,5,7.93,12,1,30.1
16,18,2,1,11.38,15,6,147.2
22,22,4,3,11.95,9,3,81.8
12,15,3,2,5.74,12,0,58.6
22,23,2,4,6.63,10,2,55.0
24,25,1,3,11.65,17,6,85.2
2,4,1,1,11.71,13,2,28.0
8,15,3,5,5.68,11,2,20.0
29,36,3,2,5.1,12,3,101.6
16,22,4,3,6.13,14,0,61.8
16,21,4,4,11.97,9,4,60.0
29,37,3,1,6.26,15,6,157.7
19,22,2,1,8.52,16,4,168.9
15,15,4,3,10.94,15,0,64.5
24,31,3,4,5.14,15,5,42.2
21,27,4,1,9.23,17,0,206.4
12,18,3,2,6.94,12,2,59.0
26,28,1,1,11.04,15,4,294.3
18,21,3,4,6.98,17,0,42.4
16,25,1,5,9.81,13,4,57.0
3,11,4,5,9.72,10,0,15.4
11,16,3,3,6.55,13,1,39.6
28,32,4,4,5.24,12,6,53.3
8,10,1,1,7.86,16,2,53.2
18,26,3,1,7.02,13,0,198.0
11,15,4,5,10.66,17,3,26.0
8,12,1,5,10.6,17,0,23.4
6,9,4,2,8.2,11,1,34.7
27,30,2,5,9.25,14,3,69.8
13,13,1,2,9.23,14,3,75.8
19,25,1,1,10.79,12,0,306.3
18,26,1,2,7.98,11,1,88.3
25,27,3,2,6.93,9,3,78.7
14,15,3,3,6.86,15,6,36.0
15,17,3,5,8.75,13,2,40.8
20,20,2,2,8.14,15,5,76.2
4,9,2,1,8.08,9,2,34.1
2,8,1,4,5.64,16,4,6.5
11,12,2,2,10.03,11,4,91.5
24,31,4,5,6.5,15,1,41.1
19,24,1,3,6.38,11,3,54.3
26,29,1,1,7.89,11,2,242.3
20,24,4,3,6.59,17,2,43.5
3,10,1,4,9.09,10,5,16.1
20,22,2,2,7.6,12,1,99.9
22,24,3,2,8.14,14,6,111.9
15,18,4,5,8.76,11,3,41.1
24,24,2,2,6.42,15,1,71.2
6,14,4,1,6.09,15,0,44.2
12,19,4,4,11.16,13,2,46.6
20,27,1,3,8.04,11,1,71.8
9,18,1,4,7.88,10,1,27.7
25,30,2,2,5.25,12,5,87.4
6,12,4,3,8.49,12,6,29.1
13,18,1,5,8.88,16,0,33.8
25,33,1,4,8.91,16,4,68.2
4,6,4,3,9.95,13,2,22.5
2,4,2,3,6.24,14,5,10.1
22,24,2,3,6.77,16,6,51.1
28,37,4,1,10.68,9,6,247.0
10,12,2,4,11.63,13,1,40.1
10,18,1,3,5.95,12,2,31.8
17,20,4,4,8.48,12,4,62.4
14,20,1,3,6.5,10,6,45.8
11,19,3,5,5.42,9,1,23.2
8,14,3,5,7.28,14,6,20.9
9,17,2,5,6.01,15,0,20.2
25,27,3,2,9.97,13,6,155.9
11,14,1,3,8.74,16,2,30.2
16,23,3,2,6.01,17,6,50.5
28,33,1,4,5.06,10,6,54.6
5,9,2,2,10.66,12,5,33.0
6,9,2,4,6.23,17,0,16.1
13,20,1,4,9.24,13,4,50.2
12,12,3,4,7.36,11,4,42.0
7,15,2,2,9.1,14,2,42.9
9,9,4,3,7.21,11,4,39.2
8,15,2,2,5.61,13,3,36.4
17,20,3,3,6.56,11,5,54.4
26,34,4,3,6.32,14,2,77.8
25,29,3,4,8.0,13,6,69.4
1,3,1,2,9.61,17,3,4.9
4,12,4,3,6.85,11,4,23.5
28,36,3,5,5.08,14,6,50.7
4,7,4,3,8.63,16,2,14.7
5,8,3,5,9.24,15,3,11.5
18,25,4,2,11.74,14,4,167.3
7,8,3,2,9.13,10,1,42.4
15,23,1,2,8.3,15,1,62.3
12,17,4,3,9.01,16,0,46.9
0,8,4,1,11.5,9,1,15.6
21,28,4,3,10.8,17,3,71.5
19,25,4,3,7.26,12,5,63.4
16,16,1,4,6.66,16,1,25.7
6,8,4,4,6.84,15,2,18.2
24,25,2,3,8.53,15,2,68.1
12,16,1,5,10.21,10,2,33.6
3,7,2,4,8.52,9,1,9.2
3,7,4,3,5.47,12,6,11.4
5,8,3,1,10.07,10,1,59.8
27,31,2,5,10.64,16,0,72.4
18,20,4,2,7.03,15,5,61.6
28,28,2,3,9.65,16,6,82.5
11,15,4,3,7.99,14,5,40.9
21,29,4,5,11.22,9,6,55.7
6,14,4,4,10.92,17,6,21.9
26,29,3,4,8.68,14,4,97.4
9,11,2,4,9.84,9,0,25.5
25,25,1,2,11.18,9,3,117.8
18,19,1,5,8.47,16,2,32.7
6,13,1,5,7.19,14,1,16.8
29,29,1,4,10.28,16,4,85.9
2,9,4,4,6.54,16,4,12.6
12,18,2,1,7.72,16,6,78.2
12,19,2,1,11.06,15,1,111.9
17,22,3,3,10.07,15,0,68.4
27,35,2,3,7.83,12,4,118.1
29,31,2,5,6.5,17,5,43.8
25,34,2,5,7.49,10,0,67.3
19,22,3,2,6.99,17,1,60.6
27,32,1,2,6.23,11,6,104.2
7,14,2,1,10.2,10,0,112.3
28,32,3,3,6.76,12,6,89.1
8,10,3,1,8.18,13,5,82.9
6,11,4,1,7.7,10,2,61.8
0,3,3,3,11.87,9,6,1.0
2,10,1,2,7.74,13,6,11.9
12,14,2,3,5.56,17,1,25.4
27,30,3,4,5.63,13,5,58.6
29,35,1,4,9.14,17,1,65.4
24,30,3,4,9.2,14,5,78.4
27,30,3,5,7.93,11,5,63.8
16,21,3,2,8.02,12,4,104.5
24,26,3,2,5.38,12,4,105.5
23,28,3,5,8.62,9,4,55.5
0,1,1,1,8.53,11,2,2.1
5,12,2,4,6.05,11,2,13.0
20,21,2,4,5.73,9,5,31.2
5,11,2,1,5.87,17,3,28.5
25,33,2,3,5.71,9,1,54.0
11,11,1,3,9.27,17,4,38.7
12,19,4,2,6.38,9,1,41.3
12,18,4,5,6.76,10,6,27.8
28,33,1,2,6.22,10,5,113.9
14,19,1,3,11.7,14,0,86.0
20,25,3,1,10.98,15,5,181.4
15,23,3,2,6.61,9,2,53.7
21,22,3,4,7.29,11,3,56.5
20,20,2,4,6.47,10,0,53.6
10,15,3,1,8.44,16,1,70.7
27,36,4,3,5.14,17,2,54.4
4,11,2,4,9.7,10,4,18.3
3,5,3,4,8.66,10,0,16.2
2,11,2,5,11.29,17,2,10.3
18,18,4,2,6.15,12,1,74.6
19,27,3,3,10.63,13,5,88.7
24,24,4,2,10.54,17,1,114.7
17,19,4,3,5.89,14,0,66.1
14,21,4,4,7.79,17,0,39.3
8,10,3,5,6.19,17,5,15.9
16,19,1,2,6.78,15,0,62.0
13,20,3,4,6.84,17,3,28.1
14,14,4,3,8.89,13,4,68.4
0,5,3,2,7.88,13,2,2.3
20,20,4,2,11.63,16,5,99.5
21,21,1,4,5.88,12,1,45.2
21,28,2,2,11.82,17,1,107.5
2,5,1,5,6.61,15,4,2.0
15,15,1,5,10.41,15,0,38.6
22,31,2,4,7.37,11,0,73.0
24,30,3,3,6.0,12,1,72.3
10,14,2,4,11.01,15,4,35.6
11,15,3,5,7.16,13,1,24.4
9,9,3,1,9.61,11,0,127.1
15,24,4,1,8.97,9,5,115.8
7,12,4,2,8.3,15,2,30.6
5,13,2,2,8.47,14,0,39.9
11,19,1,1,10.13,15,5,94.0
23,30,2,5,5.61,10,2,45.7
27,31,3,2,9.68,12,6,160.3
20,20,4,4,11.27,10,3,78.1
7,15,2,4,5.4,16,4,19.1
25,25,2,5,5.98,15,5,31.3
27,34,4,2,10.02,9,3,124.5
3,7,4,4,8.06,10,0,16.5
25,27,4,2,7.82,10,6,126.4
7,13,3,2,5.96,12,4,37.1
25,31,4,4,8.55,11,5,79.8
27,35,1,1,5.89,9,6,134.4
17,23,2,4,8.34,10,0,64.2
27,29,4,5,10.35,17,4,72.6
27,27,4,3,6.81,9,4,73.5
4,11,3,4,8.37,17,0,20.1
8,10,3,2,11.94,15,0,54.8
3,10,2,2,9.81,10,6,24.3
26,33,1,4,10.89,10,6,91.0
21,25,2,3,7.9,13,5,78.9
16,16,4,4,10.38,13,4,68.4
8,17,1,3,5.28,12,5,25.9
0,6,1,3,5.86,11,6,1.0
20,29,1,5,6.42,12,4,48.5
19,23,1,2,7.81,12,5,95.5
12,19,2,2,10.92,10,0,106.2
27,35,3,3,7.42,13,0,111.1
15,21,3,2,9.58,13,1,95.0
28,34,4,1,9.97,13,6,334.4
12,12,3,3,9.1,9,5,34.4
13,16,3,2,7.5,14,1,68.0
2,3,3,1,9.04,10,1,22.2
28,29,3,5,7.4,15,3,45.6
5,6,4,2,5.59,12,4,28.2
17,20,2,1,11.95,13,2,237.2
18,18,1,4,5.89,13,3,38.7
4,7,3,4,5.51,13,6,13.1
14,15,2,1,11.15,10,4,232.4
24,28,3,3,7.11,13,2,80.5
1,3,3,3,9.55,11,1,7.9
9,16,1,2,7.3,12,2,45.0
23,26,1,4,7.74,10,0,77.9
29,29,1,3,6.83,12,6,88.7
17,17,3,3,7.4,17,0,53.0
26,35,3,4,7.87,16,5,54.5
12,14,3,5,10.04,11,4,44.9
4,12,1,3,8.58,9,3,13.0
22,28,4,1,11.6,9,6,208.7
23,24,2,2,5.29,14,1,80.3
0,8,4,3,8.52,11,6,2.2
21,30,3,3,9.09,12,4,108.6
0,1,3,5,11.44,9,1,3.4
17,19,4,1,5.34,16,0,97.4
14,23,3,2,9.01,9,6,59.4
16,17,2,3,10.98,13,3,72.1
10,12,3,2,6.69,14,3,45.1
20,25,2,4,11.13,10,0,93.3
25,33,4,3,5.13,15,2,50.2
24,32,4,3,10.13,15,3,78.4
21,27,3,4,11.53,9,2,63.3
26,28,2,5,9.6,12,1,65.2
26,29,3,3,8.07,12,3,96.4
16,21,1,2,5.31,13,5,56.3
12,16,1,1,11.44,9,0,141.6
0,1,1,2,8.29,9,6,1.0
1,6,1,5,5.2,15,2,7.5
8,10,3,1,9.83,17,5,65.3
2,9,1,2,8.37,9,1,11.2
0,1,2,2,5.87,10,1,4.1
20,20,4,4,6.5,14,3,46.1
15,23,4,5,5.45,14,3,30.6
22,24,1,4,9.02,10,5,66.3
5,5,1,1,9.35,17,4,47.1
27,33,1,4,8.54,12,4,95.6
16,25,3,5,10.72,15,3,39.1
4,8,4,3,11.03,14,4,30.4
4,8,1,3,9.31,11,0,21.6
5,5,2,1,5.09,16,5,26.0
2,10,1,3,9.87,15,0,9.6
20,26,4,4,7.93,17,4,51.4
22,29,1,1,8.96,11,3,238.4
4,12,4,5,9.54,9,0,15.7
20,25,1,1,7.45,10,1,176.2
4,8,2,1,11.42,9,6,37.1
9,14,1,2,5.94,13,3,39.0
9,10,2,2,9.7,10,5,54.8
18,21,2,1,5.03,11,2,112.2
16,18,1,3,11.47,16,2,54.9
20,26,2,2,5.79,13,3,79.9
13,21,3,5,5.66,12,4,32.8
8,12,1,4,7.33,13,0,31.8
13,18,1,2,7.61,14,0,79.8
0,9,2,1,6.5,15,3,8.1
18,19,2,3,9.1,17,1,53.4
12,14,1,4,8.1,9,5,25.3
12,14,3,2,5.24,12,4,53.2
3,11,2,3,7.24,17,1,13.0
29,35,2,3,10.67,13,3,133.5
0,7,4,3,9.83,16,3,2.9
16,25,3,1,10.07,9,1,137.2
7,15,3,5,9.89,12,2,27.6
1,6,1,3,7.18,17,3,9.6
27,30,3,4,5.7,9,5,46.7
7,7,1,2,6.91,9,6,26.2
6,13,4,4,10.82,12,4,32.1
25,31,3,1,11.86,11,1,351.1
25,26,2,1,8.46,15,2,177.2
1,8,4,4,5.07,11,1,7.6
21,25,1,5,5.98,9,2,29.4
21,27,4,1,7.25,10,2,190.5
2,5,1,1,9.05,12,5,21.6
26,30,4,4,5.53,9,4,49.2
17,24,1,1,11.6,9,3,164.8
11,11,3,5,7.56,16,2,23.1
0,0,2,5,11.39,15,3,2.1
21,24,1,5,10.46,16,4,53.7
11,13,4,2,10.29,12,3,72.8
4,13,1,5,9.25,14,5,15.3
29,30,1,5,9.39,11,5,77.6
29,31,1,2,9.47,16,0,148.2
26,26,4,3,9.4,12,5,111.2
24,24,2,1,8.88,11,2,249.9
16,21,3,5,11.9,12,4,66.7
15,19,2,1,10.13,14,5,180.1
14,21,1,4,10.44,15,1,35.4
22,23,4,1,11.11,15,4,252.6
14,17,2,2,6.51,12,2,61.3
4,11,1,1,5.59,16,4,28.5
20,25,3,1,8.38,15,5,146.2
13,13,3,1,8.6,10,1,135.5
1,4,3,3,10.8,16,0,11.0
10,10,1,3,8.11,17,2,26.0
18,19,4,4,9.0,13,6,61.3
6,10,2,2,8.69,12,2,40.5
5,12,3,1,5.27,12,4,47.3
27,34,1,1,9.31,12,6,295.5
1,3,1,1,10.8,14,6,13.4
5,8,2,1,6.1,12,3,40.5
17,26,3,3,9.16,15,6,54.6
1,6,1,4,9.16,15,3,6.7
17,26,2,5,6.15,13,6,37.2
29,31,4,2,5.86,13,1,112.9
14,15,4,1,11.86,16,0,171.8
26,31,4,4,7.76,15,0,67.3
18,22,3,5,6.59,15,6,34.3
1,10,2,4,6.2,14,4,10.7
19,23,2,3,9.67,15,4,72.6
24,33,1,5,9.27,15,3,50.5
5,9,1,4,9.5,10,5,17.4
0,9,1,3,5.62,10,0,1.0
23,27,2,4,11.25,15,5,61.2
14,16,1,4,7.72,15,0,33.8
27,33,2,5,7.19,15,5,44.5
29,34,2,3,8.24,13,5,108.0
22,25,4,1,7.73,9,0,180.1
9,10,1,2,11.05,10,1,59.5
18,26,4,5,11.5,17,1,50.8
16,16,3,3,7.12,16,4,46.2
4,7,3,4,11.05,16,5,15.2
28,28,3,3,10.47,9,5,90.5
3,8,2,2,11.52,14,5,22.8
9,12,2,2,6.72,17,5,32.8
23,27,2,1,9.04,16,5,173.5
16,20,1,1,6.92,11,3,136.9
9,17,4,2,10.77,12,2,64.8
16,16,2,5,5.04,11,5,27.1
27,28,4,5,8.95,14,3,70.5
19,24,4,4,7.37,17,1,41.7
23,27,4,1,7.26,16,5,140.4
4,10,1,4,9.51,12,1,16.1
1,3,1,1,10.96,10,4,15.3
5,7,3,2,9.26,16,2,24.8
20,29,3,5,10.97,16,0,53.8
1,2,4,5,6.85,14,2,3.4
12,14,3,2,8.64,16,5,50.5
29,38,4,4,8.15,17,5,64.1
10,10,1,4,5.08,9,2,12.9
10,14,1,3,8.9,17,2,32.0
15,19,1,1,9.63,10,4,217.1
10,16,2,4,9.14,9,6,28.0
18,21,4,2,10.15,16,1,82.8
14,16,1,4,9.0,16,0,43.7
24,24,4,5,5.47,12,6,42.7
22,29,3,1,5.82,16,2,116.6
22,24,3,3,9.18,15,0,78.8
15,16,1,1,6.92,10,2,121.1
10,13,4,5,5.56,13,1,23.5
21,23,1,5,8.01,12,0,59.4
15,15,3,5,8.88,11,6,37.5
7,9,1,5,7.3,9,3,10.8
3,4,4,2,10.04,13,1,23.3
7,14,3,3,9.51,16,6,26.9
3,8,2,5,7.33,17,0,5.0
23,31,3,5,10.28,15,2,54.3
24,31,2,4,9.54,9,6,57.6
2,11,1,3,9.46,9,2,7.8
2,4,1,1,8.87,9,1,18.3
26,30,4,3,5.08,10,1,66.3
28,34,2,3,9.88,9,6,88.9
17,21,1,3,7.63,12,2,59.1
28,35,2,5,11.6,17,0,79.9
25,29,1,5,10.73,12,6,72.8
18,18,3,2,9.11,12,3,104.0
18,22,1,1,6.77,15,4,128.2
20,23,4,4,6.43,17,1,36.9
4,9,3,3,7.38,15,2,16.0
17,19,4,1,8.34,9,0,150.6
27,31,3,1,7.07,9,1,162.1
9,10,2,2,8.6,12,0,64.2
28,33,4,4,6.16,12,1,66.3
21,26,1,3,11.84,9,2,75.1
20,24,2,4,5.76,14,0,52.2
5,10,1,2,11.52,10,2,38.5
0,6,3,5,11.4,13,0,2.5
4,8,3,1,8.68,16,1,35.2
8,8,1,3,10.07,11,4,41.9
11,18,1,5,8.05,17,4,24.8
25,28,2,2,9.41,15,6,105.2
13,21,1,4,7.38,17,3,28.5
1,10,4,1,7.11,9,3,12.4
16,21,4,3,9.05,13,6,70.1
13,13,1,5,8.49,11,6,27.8
25,27,4,5,9.06,12,5,68.1
12,14,1,1,7.01,12,2,98.9
26,35,2,4,7.57,15,0,68.3
8,11,4,2,5.59,16,3,23.2
25,30,4,4,5.37,13,1,56.8
24,30,1,4,6.77,15,6,44.1
14,23,4,4,5.52,11,4,41.0
24,27,3,1,5.73,11,0,212.3
21,26,2,1,10.69,11,5,266.6
14,14,2,2,5.27,12,4,59.2
23,30,4,4,9.61,14,6,77.3
29,35,4,1,6.91,13,0,308.1
10,18,3,2,11.1,16,6,49.8
15,17,3,2,8.39,13,3,80.1
28,29,4,4,7.14,13,3,78.7
16,16,4,3,8.62,10,2,61.0
25,27,3,4,7.67,13,5,70.7
3,7,1,3,8.95,15,0,11.6
0,1,3,2,5.8,10,5,5.5
7,9,1,1,11.98,14,1,100.4
16,19,2,5,7.98,15,5,31.8
2,8,2,2,7.44,13,6,13.6
28,30,3,1,9.97,17,6,233.2
19,27,1,2,7.55,12,3,91.5
14,21,3,4,10.83,9,2,41.5
14,17,3,3,8.18,16,6,40.1
23,23,1,2,10.04,16,3,96.5
21,21,3,1,5.75,15,4,129.5
13,13,2,4,10.92,16,3,35.1
25,25,4,5,10.15,10,0,86.9
27,34,4,4,6.48,11,2,72.5
22,24,3,3,6.02,17,6,45.3
13,18,1,4,7.21,9,0,33.7
23,25,1,5,11.83,16,1,54.6
1,5,2,1,6.8,16,1,9.6
12,18,1,2,8.19,15,3,44.3
25,26,1,3,5.21,13,2,58.9
13,18,2,5,7.78,12,5,31.3
26,31,3,3,9.0,14,2,100.2
23,25,4,4,11.67,9,2,64.1
18,23,2,3,8.62,13,2,66.8
6,15,3,5,10.73,12,3,26.8
2,11,2,2,8.83,12,0,20.7
14,18,3,2,5.29,15,3,40.7
22,23,2,3,7.21,17,5,53.2
13,21,3,1,9.03,16,0,127.1
10,17,2,3,11.65,16,5,41.8
14,16,3,4,11.01,13,4,64.2
27,34,2,2,6.6,14,4,144.3
12,20,4,2,6.54,10,6,58.4
17,19,4,2,6.41,11,6,71.0
25,27,1,1,11.46,13,0,429.9
5,6,3,1,10.97,10,3,67.8
2,9,2,5,10.42,11,5,11.0
18,27,3,3,7.75,12,5,69.2
14,14,4,3,8.53,14,6,57.0
24,31,3,4,8.25,13,6,71.8
22,28,2,2,6.77,12,1,97.7
4,10,3,1,8.54,10,5,43.0
27,29,2,4,5.21,13,3,52.5
9,9,4,4,5.92,13,1,24.4
6,9,4,1,11.21,15,3,60.7
24,32,4,3,10.26,9,2,82.8
16,20,1,2,7.96,12,5,80.6
6,6,4,3,8.62,13,2,23.8
21,25,3,4,7.59,16,4,54.7
25,32,1,2,10.19,16,4,141.3
29,36,4,5,10.49,9,0,80.5
11,15,3,4,10.34,13,5,41.3
24,32,3,3,10.06,9,6,80.0
16,16,3,3,6.43,9,1,43.1
12,15,2,3,7.37,10,2,41.8
19,21,1,1,8.29,10,3,184.2
24,25,3,4,7.32,17,5,46.0
3,10,2,2,10.28,12,0,29.8
9,15,4,3,7.31,11,3,32.2
2,10,3,3,5.97,9,2,11.0
8,9,2,1,7.79,10,5,76.9
12,15,3,2,11.86,14,6,92.7
17,22,1,4,6.58,17,2,34.0
14,16,1,5,9.29,13,5,38.6
3,10,4,1,8.03,12,5,31.6
14,16,3,4,5.5,13,2,33.5
21,22,2,5,8.42,17,2,39.6
1,3,4,3,9.92,15,3,9.0
14,19,3,3,8.59,16,0,46.9
7,8,4,2,11.1,12,2,50.2
7,14,2,5,7.02,16,4,15.3
16,16,4,3,5.6,14,0,50.1
11,17,4,3,11.56,13,4,72.5
18,19,4,2,7.65,15,3,63.5
9,18,3,4,9.03,14,2,38.9
8,13,2,3,10.54,11,0,47.7
4,5,1,1,7.27,13,6,38.5
5,6,3,1,10.01,17,2,41.2
19,28,1,4,5.95,15,5,33.0
25,32,1,5,7.04,12,2,53.8
1,2,3,2,6.01,15,6,4.9
26,32,3,1,10.68,13,0,414.7
23,25,2,1,6.56,10,2,181.7
26,33,2,4,10.02,14,2,88.4
12,18,4,5,11.6,15,1,37.0
5,12,1,5,8.69,16,1,13.4
4,10,2,4,8.78,14,0,20.0
24,29,4,1,8.23,16,0,210.5
0,6,2,2,7.28,15,5,4.2
20,24,3,1,8.33,10,5,200.4
21,27,2,5,9.22,14,2,56.1
20,20,1,1,11.9,17,4,242.2
5,5,2,2,11.56,14,0,48.3
5,13,1,3,11.04,12,6,29.3
22,26,3,1,11.22,15,2,202.4
15,19,1,4,8.27,11,4,54.9
3,5,2,3,9.6,13,1,14.8
29,33,4,4,11.27,9,5,80.5
10,12,3,4,7.75,11,6,29.3
29,37,2,4,11.73,16,0,100.0
29,37,3,1,7.91,17,2,196.6
29,34,3,5,9.21,17,1,58.2
23,23,2,3,9.97,10,3,97.9
22,28,2,2,11.65,12,1,154.9
8,14,4,5,6.71,13,2,21.9
22,31,3,1,10.22,11,5,268.5
2,11,3,4,8.65,9,4,10.6
18,21,2,2,6.88,14,6,80.5
7,14,1,3,10.44,10,6,33.3
4,9,2,5,8.87,17,3,11.6
3,6,3,5,9.63,9,6,10.7
23,26,2,2,7.26,17,3,74.8
5,6,4,1,8.37,15,5,38.4
1,2,1,3,9.32,10,3,5.7
19,22,2,2,7.83,14,0,120.6
27,31,4,4,6.39,16,2,50.7
10,17,3,3,11.73,10,6,53.1
3,8,2,5,8.58,13,3,12.2
14,17,3,2,10.14,14,1,93.6
5,11,4,5,7.88,11,4,22.4
21,28,3,5,7.49,10,2,51.3
16,17,4,5,7.85,14,5,41.3
29,35,4,1,7.86,11,6,278.3
23,24,4,5,8.81,10,1,62.1
5,6,2,4,8.8,9,0,16.7
18,25,3,4,8.48,16,3,44.9
29,30,3,3,5.94,9,1,57.4
24,32,1,5,8.47,13,2,56.7
1,1,1,5,6.18,14,6,3.3
14,22,1,2,5.88,11,1,56.5
10,10,1,1,11.53,15,0,116.8
7,16,3,3,9.23,10,4,42.6
25,34,4,5,9.62,15,3,51.5
18,19,4,2,7.81,10,2,90.4
12,17,2,1,11.36,13,6,161.6
11,16,4,3,9.47,15,3,34.5
4,4,3,3,10.38,11,3,23.8
5,11,3,5,7.58,12,5,13.8
25,32,3,3,11.72,9,3,89.9
21,22,2,2,10.74,11,1,139.9
3,10,1,3,10.98,17,1,14.9
18,26,4,4,6.21,13,4,53.1
19,24,3,2,6.9,16,0,78.6
0,4,3,1,7.0,10,6,9.6
19,27,1,1,6.9,11,6,164.1
16,24,3,5,10.99,15,2,40.9
11,11,4,5,5.22,12,1,21.8
14,16,2,4,5.53,17,3,21.9
0,8,3,1,6.92,15,0,7.5
25,26,4,1,6.4,9,2,135.9
13,16,3,1,6.62,12,6,109.6
5,8,1,1,10.59,14,2,64.0
4,5,3,3,8.94,14,2,20.1
29,31,3,2,5.04,14,6,101.2
10,12,2,2,8.01,13,2,47.5
3,3,1,4,7.86,11,4,13.4
12,17,1,3,5.8,10,2,34.2
10,17,2,1,9.73,11,0,150.0
2,4,3,1,9.91,17,1,18.7
0,4,4,5,10.05,11,0,1.0
5,5,1,5,10.1,11,3,15.5
17,26,1,4,5.0,9,5,32.6
23,29,3,1,11.68,10,4,403.3
9,18,3,4,10.7,11,4,47.9
4,4,1,3,11.33,10,3,19.4
22,30,3,2,5.11,16,6,57.4
9,16,4,1,11.54,14,0,158.9
11,17,1,3,10.67,15,0,45.3
1,10,4,1,10.86,9,3,13.0
12,18,4,5,5.65,14,6,25.8
7,11,3,4,10.17,10,5,26.9
1,5,4,5,11.72,14,2,9.1
19,23,3,2,9.75,11,6,117.3
0,0,2,5,8.99,15,2,1.9
4,11,3,1,11.62,11,1,60.3
8,8,4,5,8.1,17,0,19.5
16,19,2,1,9.2,11,0,217.6
8,16,3,2,8.33,15,3,34.4
10,18,4,5,11.53,12,3,36.0
14,18,1,4,5.53,16,2,24.1
23,26,1,4,8.51,10,6,68.5
5,7,3,4,9.81,16,0,20.3
22,24,3,5,10.54,17,0,60.1
2,6,1,5,9.08,16,4,6.9
29,38,4,5,11.36,14,1,93.1
16,16,4,1,11.59,9,1,151.6
4,8,4,2,5.45,15,2,13.3
29,34,3,4,7.82,9,5,62.5
27,33,2,1,5.16,15,6,121.9
11,19,2,4,7.31,10,0,36.4
17,19,2,1,8.76,16,4,153.9
13,14,2,5,11.38,10,6,39.5
20,22,2,4,10.93,11,0,89.8
23,31,3,5,5.89,11,3,48.6
10,16,3,4,5.65,9,6,20.1
8,16,2,3,9.12,13,2,31.7
1,2,3,1,8.72,13,6,13.8
11,15,3,3,6.86,13,5,37.6
2,5,2,1,11.3,17,6,21.2
2,3,4,2,11.49,14,6,17.7
0,8,3,4,7.82,14,6,2.7
7,15,4,2,11.23,11,1,55.2
21,26,3,2,7.69,13,0,130.0
27,32,3,1,10.16,15,5,227.0
28,35,2,3,8.33,11,2,103.0
7,12,3,5,5.86,10,1,16.7
10,10,1,1,11.5,13,0,173.2
8,11,1,5,8.18,11,4,25.5
4,10,2,2,10.14,13,2,30.9
13,14,4,5,7.57,17,0,32.1
27,35,4,3,5.13,9,1,55.2
29,36,4,1,5.7,12,1,207.1
2,9,1,3,8.47,13,4,9.8
20,26,4,3,9.83,10,2,89.3
4,7,4,1,7.34,10,2,40.3
4,5,2,3,9.87,9,5,17.8
18,20,4,4,9.89,16,0,58.2
26,31,1,4,9.93,10,5,84.9
13,17,1,4,8.45,11,1,39.6
25,32,1,5,11.4,10,1,78.5
29,34,2,3,8.42,12,6,108.5
3,8,2,1,8.15,9,4,27.5
24,24,3,1,6.4,11,4,234.6
12,15,4,5,7.15,13,2,29.7
9,13,2,1,5.3,9,5,44.6
24,26,1,4,9.43,12,1,73.8
17,25,1,3,6.74,14,6,53.0
7,7,2,1,7.13,12,0,79.3
7,12,2,1,10.4,15,6,60.8
6,11,2,2,7.29,15,3,21.6
7,16,3,2,6.7,14,0,43.6
13,17,1,2,6.18,17,4,45.7
18,22,3,3,10.42,10,0,100.5
28,37,3,4,5.91,16,1,50.2
5,9,4,4,8.18,16,5,13.2
0,5,1,4,8.55,12,6,1.0
22,29,1,3,9.81,14,2,97.9
14,15,2,3,9.43,14,5,58.8
0,5,2,2,10.68,13,3,1.5
24,24,4,1,5.31,9,2,112.8
16,19,3,5,7.08,11,3,37.8
0,9,2,5,6.96,15,3,3.2
14,16,2,1,6.02,16,1,73.0
22,30,1,2,7.02,10,1,102.1
1,3,1,1,7.17,11,4,8.6
13,18,2,1,8.65,12,4,169.2
20,20,1,5,9.65,13,3,52.9
7,12,4,2,7.67,11,5,40.5
7,10,2,3,10.04,13,4,38.2
18,25,1,5,7.35,16,1,32.0
6,14,4,3,7.03,16,4,22.9
18,21,1,2,8.79,10,3,98.0
5,14,1,1,5.17,14,6,37.9
5,14,1,4,5.56,12,2,16.4
2,7,2,4,7.93,17,5,6.2
6,6,3,2,11.6,10,5,43.0
18,21,1,4,10.05,16,0,53.0
7,13,4,3,5.62,9,4,22.8
9,9,2,4,10.92,14,5,32.3
19,26,2,2,10.13,9,6,88.5
14,23,4,2,9.28,10,6,87.7
14,19,1,3,10.74,11,1,66.0
28,32,3,4,7.83,17,2,55.8
0,9,1,4,6.55,13,1,3.1
19,27,4,1,8.58,10,4,244.4
29,30,2,5,8.84,13,3,73.8
6,10,3,2,8.77,13,6,39.1
26,31,2,1,8.96,9,6,192.1
3,9,4,2,11.64,11,0,36.0
28,32,1,1,11.32,13,0,469.3
5,13,3,5,11.13,17,6,17.4
24,24,2,1,10.61,9,2,207.5
0,6,2,2,11.6,16,5,9.4
28,37,2,4,5.69,9,5,50.4
4,10,1,2,6.86,17,6,17.1
26,29,3,3,8.47,14,5,95.9
22,30,1,3,10.93,9,0,91.8
0,4,1,3,8.54,16,3,1.0
29,32,1,3,10.24,13,5,127.0
3,9,4,5,5.97,15,1,11.4
21,24,4,4,6.77,15,6,39.3
1,3,4,4,10.12,15,5,8.1
9,17,3,2,6.15,14,3,39.9
4,11,1,1,7.46,16,6,28.7
26,26,1,2,6.85,17,2,78.0
9,15,4,2,7.45,10,2,48.6
0,8,1,2,9.96,15,0,3.0
21,28,1,2,7.57,10,3,101.8
5,12,2,4,8.89,14,1,18.9
12,17,1,1,5.7,10,3,85.4
14,17,2,2,10.64,14,1,94.3
3,10,1,4,7.59,10,1,9.4
12,14,3,2,9.54,9,3,53.5
23,31,4,3,10.08,15,6,78.9
19,20,2,2,6.47,11,4,99.9
23,24,4,2,11.19,12,3,159.3
14,20,2,5,9.31,14,6,41.0
28,37,2,3,8.0,13,1,102.1
7,10,2,1,6.28,12,6,57.3
4,13,3,2,11.6,17,6,22.5
28,35,1,1,10.29,14,5,336.1
14,22,2,3,6.46,14,2,47.1
3,9,3,2,7.36,10,2,16.6
11,15,2,5,10.67,14,0,42.9
12,19,1,4,9.87,15,2,30.7
1,4,2,5,10.36,16,4,4.0
26,27,3,5,8.09,16,1,47.3
18,23,1,4,10.02,17,3,45.3
18,26,3,4,7.71,11,3,57.2
3,3,1,4,6.48,15,4,5.9
3,12,1,2,9.43,15,2,19.7
25,31,4,1,11.83,9,1,244.2
10,19,4,1,7.17,16,2,66.0
26,34,4,4,8.23,12,6,80.2
4,13,1,5,9.72,13,0,18.7
19,27,2,3,8.79,14,2,75.9
10,19,3,4,10.9,11,0,50.9
29,31,3,5,10.33,13,3,82.2
9,13,3,5,5.41,13,1,18.1
7,14,4,2,11.99,9,5,44.0
5,12,1,2,10.27,11,6,34.4
5,8,4,1,11.05,11,0,87.2
7,7,2,1,9.56,9,2,56.9
22,22,1,3,10.99,15,6,72.2
14,17,3,3,5.79,9,2,28.2
25,30,4,3,7.43,15,6,66.8
13,20,4,3,11.13,12,3,67.3
10,15,2,5,6.41,17,4,20.5
11,19,2,5,5.55,15,6,20.2
25,33,4,1,10.52,13,5,314.3
12,13,2,2,10.85,15,4,72.8
7,16,3,2,6.14,17,2,27.5
29,29,2,4,10.98,14,4,129.9
17,18,2,5,9.81,9,6,37.8
24,28,4,3,8.64,14,5,95.5
0,3,4,3,10.81,9,5,3.7
14,17,1,4,7.93,12,1,37.0
7,15,1,2,6.36,16,4,32.3
27,34,4,3,6.99,13,1,88.7
10,15,2,2,8.54,13,2,55.5
11,11,2,4,8.72,16,2,21.7
11,12,1,2,10.64,16,2,51.4
3,8,1,2,10.54,9,3,16.8
15,16,1,2,9.07,13,4,102.4
3,12,3,3,10.47,13,0,24.4
4,8,3,1,6.34,16,5,25.2
23,27,1,5,5.35,9,0,41.4
4,9,2,2,11.12,15,2,21.9
7,12,1,2,5.53,15,6,19.9
9,14,3,2,6.73,17,6,30.6
16,17,2,1,9.87,10,4,238.7
27,36,3,4,7.87,11,6,77.0
25,27,2,3,11.13,12,1,116.1
8,13,3,1,7.09,9,0,65.6
21,28,2,2,5.08,15,6,51.7
18,18,2,1,7.1,11,2,154.7
28,28,2,1,9.05,11,0,381.3
13,14,2,1,7.63,11,0,151.7
7,12,4,4,8.74,16,5,22.6
8,16,3,5,11.14,17,0,29.2
21,24,3,3,11.39,10,2,106.3
10,12,4,4,6.86,9,5,25.1
22,29,2,4,8.23,17,2,49.5
0,9,2,5,8.84,14,3,3.0
13,21,3,4,11.64,17,6,39.2
4,8,4,1,11.99,14,3,63.5
20,28,2,1,6.65,10,6,161.2
25,26,2,2,10.09,9,3,108.5
13,15,2,4,7.65,16,0,26.5
3,9,1,2,5.06,11,4,16.5
21,27,4,3,5.06,9,2,41.4
22,27,2,1,8.22,16,3,153.8
24,29,1,3,8.42,9,4,79.4
0,1,4,5,5.16,16,3,4.6
21,30,2,1,9.81,9,6,169.8
22,27,3,3,7.06,17,3,56.1
18,21,1,5,8.92,17,4,45.2
7,9,1,3,7.11,17,3,19.0
14,15,2,5,6.17,11,0,34.8
20,20,2,5,7.85,12,0,55.9
14,18,1,1,6.63,13,5,111.7
8,9,3,2,8.74,14,0,59.0
20,21,3,5,6.39,17,1,28.5
8,14,4,5,8.56,12,5,25.0
9,16,2,1,6.1,14,3,67.0
19,28,3,2,9.7,9,1,83.9
24,31,4,4,10.28,10,2,87.9
20,23,3,4,5.77,16,4,42.0
25,25,2,2,8.27,12,2,128.9
8,14,4,3,5.5,15,1,22.0
2,2,4,1,9.19,12,0,28.2
19,22,4,2,6.85,17,6,62.6
24,31,3,4,8.69,17,3,54.5
25,26,2,5,8.62,12,5,60.0
10,15,4,4,11.47,16,6,33.9
5,10,1,5,8.84,14,6,13.4
1,9,2,1,9.08,9,3,11.7
6,10,1,5,7.81,15,0,10.2
17,26,1,2,11.64,9,3,86.7
26,29,4,5,10.44,11,4,92.3
1,5,4,3,7.0,16,6,8.7
26,35,3,2,10.91,17,4,154.3
16,20,3,1,8.03,11,4,196.4
10,17,3,2,10.8,9,2,51.4
26,35,2,3,10.76,9,0,110.9
11,18,3,1,6.32,15,4,79.8
26,27,1,4,9.91,13,1,80.8
18,24,3,3,7.03,9,4,51.9
21,28,4,1,7.08,14,5,183.4
23,28,3,5,7.07,14,2,49.6
24,28,2,2,10.08,12,1,143.7
6,14,2,1,6.61,15,6,41.0
19,21,1,2,5.01,15,0,57.5
5,14,2,5,10.01,17,0,18.8
20,23,3,1,6.2,9,5,106.4
23,31,4,4,5.73,13,6,55.1
0,5,2,3,6.66,11,4,1.0
16,23,1,1,7.66,15,1,104.6
28,34,3,5,8.33,12,5,67.8
10,11,1,1,5.31,12,1,68.4
21,23,2,2,11.79,9,4,129.5
25,25,2,1,10.01,9,6,206.4
27,35,1,4,7.26,10,4,85.7
17,23,3,1,7.23,10,3,150.1
20,20,2,3,8.14,9,3,52.2
16,18,4,1,9.38,16,4,160.2
6,9,2,2,6.02,14,2,29.1
16,19,3,1,6.32,14,5,125.6
19,23,2,4,11.02,17,3,49.8
8,10,1,5,6.79,13,4,20.9
16,18,2,1,7.66,12,1,151.1
19,19,2,1,11.1,14,5,249.9
21,27,3,3,9.64,16,6,67.9
21,30,1,4,7.39,9,3,44.5
27,27,3,5,9.79,15,6,56.2
28,29,2,2,5.14,16,2,71.3
7,10,4,1,10.15,17,5,62.2
16,19,2,5,8.41,16,5,27.9
6,10,3,2,10.69,15,0,39.1
0,1,4,4,11.68,11,1,1.4
12,15,3,4,11.48,10,2,46.2
29,29,3,5,11.36,11,2,87.9
22,23,1,2,8.59,12,6,121.6
18,18,4,4,7.52,12,2,50.3
26,35,2,5,8.26,14,1,65.4
23,32,3,4,9.83,15,2,57.2
18,21,2,4,11.19,12,0,79.5
29,32,1,4,6.45,14,3,65.0
29,35,1,3,11.43,17,1,102.6
28,37,4,2,10.71,14,2,188.9
16,24,1,5,11.85,11,4,66.5
12,20,1,5,11.16,9,3,31.2
28,32,2,2,6.96,13,6,123.6
29,38,1,2,5.74,11,5,112.8
15,15,1,2,5.79,16,1,39.1
7,7,3,2,7.04,9,4,33.3
18,23,1,1,9.3,10,5,199.6
17,18,3,5,10.63,11,4,59.2
0,7,1,1,11.29,11,2,1.5
13,21,1,4,9.37,16,1,29.3
18,21,4,4,5.04,13,6,41.0
14,18,4,5,6.3,16,2,25.5
17,24,3,4,5.7,14,5,36.0
1,3,1,2,7.54,10,6,7.4
21,25,2,1,8.51,12,0,268.2
27,29,4,2,5.3,17,4,83.4
16,25,2,4,7.44,12,0,58.5
17,19,4,1,6.25,13,5,132.2
29,31,4,2,9.53,13,2,172.1
5,11,1,5,8.25,16,6,11.1
18,24,4,2,8.47,14,6,97.1
3,9,2,4,7.99,15,6,8.0
0,9,4,1,11.69,14,3,14.6
7,14,3,5,6.5,13,4,21.3
28,32,1,1,8.62,13,3,285.5
22,26,1,5,10.15,11,1,57.8
6,9,3,1,8.9,15,4,56.8
2,8,3,4,11.5,13,0,16.3
9,18,3,5,7.65,15,3,22.1
9,12,4,3,8.25,10,5,40.9
18,19,1,1,5.62,17,1,88.9
13,16,3,1,9.26,16,4,127.2
1,8,4,2,7.02,13,6,12.9
27,35,3,5,6.12,10,5,54.2
0,2,2,3,8.81,14,1,6.1
22,28,2,4,8.73,16,0,62.8
22,30,1,2,5.53,15,6,60.1
27,30,4,3,9.89,16,5,85.3
17,26,2,5,9.37,12,4,61.5
6,8,2,3,6.32,11,1,21.0
28,32,4,1,8.29,15,2,198.2
7,7,3,1,10.04,10,4,103.1
0,2,4,2,8.71,13,4,6.9
24,31,3,5,7.77,15,6,43.5
22,29,2,5,7.26,9,4,48.7
2,5,2,3,9.27,12,6,14.4
23,24,2,2,11.57,10,4,203.4
22,29,1,5,9.7,14,2,63.9
26,33,1,1,5.52,9,5,127.8
28,37,1,3,8.22,15,5,74.9
7,10,4,4,11.24,11,5,35.9
21,23,2,1,5.66,9,0,127.7
24,25,2,2,11.92,16,2,121.4
14,22,4,5,11.64,15,2,40.3
4,4,1,1,5.55,10,1,27.1
2,8,4,4,11.53,15,3,12.6
18,22,1,4,7.54,11,5,51.0
0,7,2,2,10.91,17,3,3.0
27,30,3,1,7.93,16,1,176.0
14,20,1,3,8.09,13,2,52.4
7,11,2,1,9.44,15,1,56.0
1,5,2,4,10.42,11,4,9.9
2,10,3,2,5.24,9,1,13.0
23,31,2,2,9.15,9,1,98.3
13,21,2,3,6.31,10,6,43.4
23,28,1,2,7.42,16,4,98.0
13,18,1,2,7.44,9,6,44.0
10,14,3,2,8.28,13,3,57.4
15,23,3,2,7.34,17,4,70.5
3,12,2,2,5.75,17,0,14.3
19,26,1,4,6.02,10,1,47.4
4,10,3,1,5.23,15,1,22.5
21,27,3,5,8.29,9,6,39.3
20,25,4,2,11.68,11,3,146.8
13,17,3,5,5.81,14,6,28.8
22,25,2,5,11.62,17,2,53.3
15,17,1,4,10.13,10,4,60.7
17,19,3,2,9.46,15,2,73.6
6,11,4,5,9.52,12,0,24.2
9,12,1,2,10.79,10,4,72.8
6,11,3,3,5.75,11,0,22.7
0,2,4,3,8.53,14,0,2.5
22,25,3,3,9.88,17,0,85.5
20,28,1,5,9.11,16,5,42.6
18,22,1,3,10.83,17,4,70.6
15,21,1,4,5.51,12,4,40.0
28,37,2,4,9.83,12,5,92.3
18,19,3,5,8.74,17,3,36.5
3,7,2,2,7.65,16,5,12.7
28,36,1,1,7.38,10,1,246.0
27,29,4,2,9.35,16,2,114.5
17,25,3,2,11.24,9,2,85.5
1,6,2,2,8.47,17,0,8.3
0,3,3,2,10.77,17,4,1.0
14,20,4,1,7.82,16,4,121.6
4,11,2,3,5.72,13,0,19.4
19,24,1,2,5.43,13,1,68.8
10,14,2,4,5.36,11,2,20.0
9,14,3,5,7.66,13,5,27.1
1,5,3,5,7.36,12,3,5.9
2,9,3,4,10.03,9,6,10.1
22,22,3,2,10.2,17,1,102.9
22,28,1,1,5.36,12,4,180.4
11,20,2,3,6.55,11,6,38.9
19,28,1,5,6.92,14,0,51.3
4,5,1,3,8.83,9,2,13.0
4,12,1,1,6.01,13,6,33.6
5,5,3,5,5.94,15,0,12.2
29,38,3,3,11.61,10,4,180.6
8,13,3,1,10.63,17,0,91.8
1,9,2,3,6.26,14,5,11.4
20,20,4,2,7.85,10,6,98.4
11,14,3,1,7.49,16,6,74.3
2,5,2,3,10.54,16,2,11.4
19,27,3,2,8.57,9,0,95.4
25,29,3,2,5.89,9,2,73.8
21,25,1,1,10.17,9,6,174.4
11,16,1,4,7.78,12,0,34.6
23,23,1,5,6.84,12,0,55.5
16,16,2,1,7.63,16,2,100.2
9,17,4,2,8.48,9,5,39.3
29,31,4,2,7.4,11,0,169.0
23,26,2,1,6.69,9,5,129.6
26,26,3,4,7.79,17,1,51.5
13,21,2,5,5.13,17,3,16.3
22,29,3,3,10.41,15,1,75.0
16,17,2,1,6.2,16,3,89.5
17,24,2,5,5.31,9,1,27.0
18,24,2,5,9.58,13,3,50.4
16,21,4,2,10.42,10,0,132.9
13,13,1,3,10.7,9,2,41.0
8,14,2,1,8.45,11,2,84.3
7,16,4,2,6.44,15,4,33.2
1,7,1,2,10.16,9,3,6.2
12,20,1,4,9.9,10,4,55.3
24,24,2,5,6.72,10,5,45.3
6,7,3,1,11.32,12,5,84.3
8,16,3,1,5.73,11,4,75.7
21,29,3,1,11.88,11,3,299.6
21,26,2,2,11.02,13,2,143.7
10,15,3,4,9.82,11,3,36.5
13,16,4,3,11.57,15,5,49.1
3,6,4,2,10.06,13,0,29.0
25,29,4,3,6.33,12,4,90.0
25,27,4,4,8.1,11,4,86.8
28,28,1,5,5.5,12,5,43.5
12,12,4,1,7.73,10,3,112.1
1,7,3,3,10.19,9,4,9.9
22,22,2,2,7.71,11,2,107.2
4,4,3,3,7.31,10,4,15.3
10,12,4,5,9.17,9,3,23.4
5,14,1,1,11.11,9,5,50.4
17,20,4,3,5.33,10,2,46.5
20,23,2,5,7.7,17,2,33.9
9,10,3,2,6.11,13,4,46.3
3,3,2,4,9.87,17,3,8.2
8,10,2,2,5.74,16,4,27.6
5,8,2,1,9.65,14,6,60.2
1,3,3,2,7.0,9,0,12.8
16,23,4,2,6.39,13,5,70.0
4,13,2,2,11.55,9,6,24.6
24,24,3,2,5.13,15,0,73.3
5,6,1,1,8.06,16,2,33.1
25,31,3,5,5.15,16,4,43.4
11,14,1,3,8.39,15,0,32.1
22,29,3,4,8.51,10,1,66.8
20,22,4,3,7.25,13,0,84.7
9,14,2,3,5.93,12,4,33.0
21,29,4,4,7.63,13,4,72.4
20,20,3,1,9.71,17,5,161.0
26,26,2,4,10.48,12,0,112.5
24,31,1,1,8.72,16,4,218.5
5,7,3,3,9.13,16,4,19.7
26,30,2,1,6.4,10,6,202.6
7,7,1,5,7.01,14,5,14.2
1,5,1,4,6.13,13,6,6.4
11,16,4,5,6.75,10,5,30.9
12,19,3,3,6.57,12,5,35.6
24,26,1,4,8.64,15,6,51.5
20,22,2,3,8.94,9,5,53.3
6,15,1,5,11.61,17,1,22.7
9,17,1,3,6.37,9,2,21.7
12,15,4,4,9.49,13,4,53.2
16,19,4,4,10.72,15,3,45.1
25,31,2,3,8.92,16,5,70.1
20,21,4,4,6.79,10,2,49.5
27,34,1,4,6.84,12,5,69.9
29,34,1,3,5.27,10,2,74.1
25,27,4,5,7.14,12,3,59.6
13,21,1,4,10.21,14,0,57.4
1,5,1,4,5.33,14,1,5.3
27,34,2,4,6.54,10,4,78.9
21,27,4,4,9.94,12,0,90.1
10,17,1,3,10.48,12,6,45.2
0,6,4,5,8.19,9,3,2.6
18,20,2,5,9.89,10,1,48.9
20,21,4,1,7.72,11,1,187.7
3,9,1,4,6.12,13,1,10.3
18,20,4,4,7.79,16,3,40.2
25,27,1,1,9.06,14,5,270.2
28,29,1,5,11.64,11,5,86.0
20,23,1,2,5.48,14,6,73.6
10,17,2,2,8.55,15,5,46.0
7,7,4,5,7.3,14,0,24.9
10,10,2,4,8.56,14,4,39.5
3,7,4,2,5.17,9,1,12.9
16,20,2,3,7.19,11,6,54.0
26,26,3,3,10.74,15,6,82.6
6,11,1,1,8.88,12,1,66.5
7,7,1,5,8.15,12,0,21.0
2,6,2,5,7.0,15,5,7.0
21,29,3,2,7.09,17,1,74.2
1,5,1,4,7.68,10,1,2.9
22,27,4,5,10.85,17,3,55.4
14,21,2,2,11.77,11,2,105.3
23,23,1,2,8.07,14,6,114.7
21,22,1,5,7.75,12,0,56.5
21,29,2,2,10.93,9,0,127.1
4,6,2,1,7.99,17,5,32.3
23,28,4,1,8.86,14,0,309.3
0,4,4,5,6.62,16,5,2.7
25,26,1,4,10.2,10,3,83.4
3,9,1,1,8.72,15,3,28.4
14,17,2,1,10.66,14,4,223.1
19,19,1,5,10.47,10,5,53.5
18,21,1,3,6.51,10,6,56.4
2,7,2,2,10.01,12,3,16.8
19,25,1,1,10.6,12,5,240.1
10,16,1,3,7.42,11,6,33.6
16,22,3,4,6.21,16,6,31.0
29,31,4,3,5.02,15,0,67.6
26,31,2,5,8.16,10,4,74.4
12,19,3,4,7.47,11,2,36.1
10,13,4,4,8.88,17,1,27.5
1,8,4,3,6.32,13,1,8.4
8,9,4,5,11.02,10,4,32.9
25,34,3,1,6.8,11,5,208.8
1,9,3,3,6.59,16,5,9.0
20,28,4,1,8.36,12,5,206.8
8,15,1,3,8.49,10,2,35.8
8,17,1,1,6.51,10,6,64.8
7,16,3,3,6.9,14,1,28.3
16,16,3,4,6.19,16,4,35.5
0,1,3,2,10.03,15,5,7.5
24,29,4,4,10.39,12,3,88.0
28,37,1,1,8.24,10,0,348.1
10,14,3,5,10.0,17,2,25.8
7,15,3,4,10.15,12,5,30.9
9,13,2,2,5.97,17,1,26.3
24,25,4,1,11.76,13,0,421.0
6,15,2,4,10.75,15,4,27.1
2,5,1,3,6.43,13,5,7.6
2,10,2,5,6.3,10,1,9.5
17,17,2,1,5.88,14,0,152.4
4,4,2,4,5.97,15,3,3.9
11,17,4,1,10.24,14,2,138.3
11,13,1,3,8.29,11,4,50.7
18,27,2,2,10.48,16,1,84.3
29,30,4,4,10.22,11,6,97.9
5,13,1,1,9.23,13,3,56.6
1,3,3,1,9.8,17,2,13.8
11,12,2,1,5.13,13,2,74.6
18,25,1,2,7.18,15,6,63.4
4,13,2,1,9.46,15,3,33.9
11,16,3,5,5.07,13,1,24.2
26,31,1,5,5.23,10,2,42.9
26,35,4,1,10.96,13,4,427.4
16,22,1,5,9.79,15,0,39.7
28,34,4,4,6.86,15,4,66.7
16,21,1,5,9.82,12,5,46.9
9,12,4,1,10.55,9,2,82.0
24,32,3,3,7.15,14,0,98.4
22,27,3,4,5.25,11,3,47.8
16,19,3,2,11.53,13,0,144.9
14,16,1,1,7.42,12,0,159.2
11,14,3,2,5.75,10,6,42.2
29,31,2,3,8.44,15,0,94.6
15,16,3,2,10.38,13,2,95.4
23,27,4,1,6.55,15,6,130.8
18,19,4,1,6.89,17,6,106.8
7,12,4,3,6.7,12,5,27.1
20,22,1,1,11.94,13,5,277.1
16,21,2,3,6.38,17,6,33.9
22,31,3,3,9.03,12,6,86.3
4,12,2,1,11.48,13,1,58.6
21,21,2,5,6.03,13,5,38.4
15,20,4,3,11.8,16,2,56.6
5,13,4,1,11.63,12,1,78.1
7,10,4,5,11.19,12,3,24.7
24,25,1,3,6.5,15,3,53.8
17,20,2,5,9.44,13,3,49.7
24,24,2,4,10.33,14,3,77.8
11,13,1,4,11.9,14,3,43.4
14,23,1,5,6.26,14,4,34.8
26,34,1,3,10.36,13,6,110.0
25,34,2,1,7.37,13,2,220.4
8,12,2,2,6.23,17,1,27.8
12,17,4,1,7.95,16,3,88.6
25,27,4,2,10.56,12,4,207.1
14,18,2,2,8.25,15,5,54.4
9,16,4,3,8.76,16,4,36.9
15,20,1,5,11.97,17,4,47.7
6,9,3,1,7.79,13,2,64.1
16,17,4,5,9.31,11,3,43.9
22,30,2,4,7.56,12,4,70.1
25,25,4,3,7.75,14,6,83.3
20,20,4,3,9.87,13,4,110.0
21,24,4,4,11.57,17,3,60.8
25,31,3,1,8.8,11,2,263.8
6,6,1,4,10.38,10,4,22.4
13,21,2,1,5.62,14,1,91.6
14,17,3,2,6.48,15,0,54.1
20,22,2,3,8.51,13,5,75.5
6,6,2,1,5.14,9,0,34.1
8,17,2,5,6.77,11,0,22.7
18,21,3,5,8.62,11,2,45.3
15,23,1,3,5.1,12,4,49.5
7,16,2,4,6.85,14,0,26.5
17,22,1,4,8.6,13,0,63.8
26,31,1,1,9.01,9,5,191.1
22,22,4,4,11.48,14,3,78.7
28,37,3,3,9.52,17,6,85.3
17,18,3,1,7.9,9,6,111.8
29,34,4,2,11.51,16,4,182.3
19,20,4,4,10.49,16,4,68.1
6,8,1,4,6.4,11,5,16.6
2,5,2,1,5.92,17,3,18.9
17,21,3,5,9.73,16,4,45.5
26,34,2,4,8.92,11,6,80.0
9,12,2,3,10.53,13,6,43.4
6,14,4,4,10.17,11,1,31.1
16,25,2,2,9.38,13,5,100.4
13,15,1,4,11.9,17,2,35.6
23,30,4,5,8.74,12,3,62.5
2,2,2,4,5.79,14,5,3.6
11,19,4,1,10.8,11,0,184.8
27,35,1,4,6.76,11,4,83.9
12,21,1,5,10.44,13,1,37.9
1,2,2,1,11.7,16,6,10.8
2,5,4,3,9.88,16,1,12.6
4,11,2,1,9.17,11,2,48.9
10,16,2,2,8.22,16,5,40.4
7,7,4,1,7.55,16,1,48.4
25,29,2,3,7.47,11,5,83.7
22,28,1,4,9.45,10,4,89.1
22,25,4,1,10.26,10,4,340.7
11,11,4,1,9.75,17,6,89.3
6,14,4,1,6.39,15,1,37.7
14,18,4,1,8.46,14,4,181.7
23,24,2,3,10.54,15,5,75.3
16,23,2,5,8.33,16,6,32.3
3,4,1,5,8.76,9,4,6.6
28,30,3,1,10.4,16,6,238.8
21,30,3,3,9.63,11,0,111.8
24,24,1,3,7.87,11,5,83.3
12,13,3,1,11.27,14,6,161.6
17,23,1,2,6.14,12,3,68.5
0,9,2,1,11.97,12,4,6.5
15,16,4,2,5.83,12,4,76.7
12,17,4,1,5.1,17,5,57.3
9,11,2,2,11.23,16,2,46.3
11,14,4,2,6.71,11,3,51.8
29,36,4,1,10.11,9,6,244.3
1,3,3,2,10.68,9,3,7.6
22,31,2,4,11.01,9,6,61.4
2,7,3,5,11.94,12,3,14.0
9,9,3,3,7.06,14,1,29.1
1,7,4,2,9.97,12,0,12.1
29,36,4,2,5.81,11,0,137.7
26,33,2,3,7.85,16,2,65.3
22,24,4,2,10.94,16,3,107.6
12,21,4,3,7.57,14,3,44.5
12,12,2,1,9.14,17,4,113.8
17,25,4,4,8.53,9,6,43.8
2,7,3,4,9.52,16,5,10.9
26,34,2,5,11.81,14,1,84.3
6,12,4,2,5.39,9,1,22.4
13,13,1,5,9.02,12,2,33.0
19,19,2,1,11.04,13,0,311.1
28,33,2,4,8.37,15,3,60.0
29,33,1,1,5.55,16,5,142.0
16,24,4,1,8.92,17,2,125.2
28,29,4,2,7.32,14,6,136.7
29,36,2,1,6.08,17,1,150.8
20,24,2,4,10.94,12,1,73.4
11,12,4,5,8.65,16,1,21.5
24,33,4,4,11.53,11,3,94.2
15,20,3,2,10.64,12,3,105.2
23,32,2,4,9.85,12,3,77.9
11,18,2,3,5.04,14,4,40.0
14,17,1,5,7.99,17,0,27.4
24,25,3,3,6.38,14,6,68.9
9,13,4,3,11.38,9,1,35.4
29,30,3,2,6.22,13,1,117.0
24,25,4,1,7.0,17,4,180.9
6,11,4,3,8.62,13,1,29.5
19,28,3,4,6.84,14,6,50.5
4,12,2,1,6.47,11,1,36.0
0,3,4,4,9.19,16,3,2.4
29,34,3,4,5.62,12,3,61.2
16,22,1,1,5.41,12,0,132.6
2,7,3,1,7.61,13,6,25.6
12,19,1,4,10.04,17,6,28.2
13,16,4,2,8.88,16,1,58.6
23,23,3,5,7.96,15,2,40.1
29,35,3,5,8.96,13,1,74.5
17,19,1,2,7.56,17,1,59.4
3,8,3,1,11.55,17,0,43.6
17,18,3,4,5.38,10,2,38.8
29,37,4,5,9.71,12,1,84.0
4,4,3,4,11.24,16,5,16.0
24,29,2,2,10.63,9,5,108.1
15,20,1,4,6.29,13,6,34.7
0,4,3,2,7.07,16,6,2.7
20,24,1,1,10.02,10,2,238.7
13,13,1,2,5.59,10,5,46.5
14,23,1,2,10.68,16,3,69.3
8,12,3,5,10.03,17,3,21.8
14,15,3,4,10.11,15,2,34.9
16,22,1,5,5.7,16,1,22.8
24,26,2,3,10.02,13,6,105.6
23,26,1,2,9.76,9,2,95.9
3,5,2,3,10.82,12,5,16.8
11,13,1,5,5.29,10,2,17.9
26,29,4,4,5.16,11,5,53.5
25,29,1,5,7.61,11,6,55.5
4,4,1,4,6.04,17,3,5.9
28,31,3,4,8.91,12,2,84.2
4,11,2,1,11.42,10,6,58.8
10,19,4,2,7.74,11,6,54.3
27,33,2,5,10.91,11,4,98.7
5,13,4,4,5.0,15,5,12.9
6,10,1,5,6.18,16,4,12.3
23,32,3,5,5.21,14,3,45.3
13,16,3,4,7.3,12,6,39.7
23,30,2,3,11.36,14,6,110.9
10,18,3,2,5.68,9,1,36.8
29,35,2,2,9.24,16,5,116.9
12,18,2,1,8.16,9,1,86.7
1,5,4,1,11.57,13,3,18.4
24,27,2,1,5.86,10,1,169.6
6,15,4,2,6.48,14,6,31.2
19,19,3,3,5.21,17,5,36.3
3,12,2,2,8.04,13,0,25.7
26,35,2,2,6.94,12,5,119.3
7,13,1,2,11.09,10,5,48.2
19,19,2,2,9.23,11,4,134.1
28,28,2,3,9.3,14,0,136.5
21,25,1,1,8.72,16,0,190.0
20,28,1,5,5.64,16,0,34.0
18,23,3,1,8.12,13,5,175.2
12,14,2,1,12.0,13,3,170.5
13,15,3,5,10.85,11,0,54.7
9,15,3,2,11.25,15,2,47.3
10,15,1,3,10.76,14,1,46.7
1,9,4,3,5.72,9,3,11.0
24,29,3,1,6.59,12,2,192.1
25,29,4,5,5.02,14,5,46.0
8,17,2,4,7.12,14,5,23.8
16,22,1,2,5.76,11,2,65.5
25,25,2,1,8.31,14,4,311.7
2,8,2,3,9.74,14,4,13.7
23,25,1,5,11.12,17,2,49.2
5,13,2,5,10.24,17,4,16.6
4,9,1,1,11.57,10,1,59.6
4,12,4,4,5.38,12,1,13.1
21,25,2,3,5.09,17,5,38.3
14,20,1,1,9.63,12,4,201.9
22,25,3,4,7.03,16,0,51.3
16,22,2,5,6.77,11,2,35.0
8,8,4,2,7.32,11,1,37.9
2,8,1,3,6.89,17,6,7.1
19,26,2,3,8.58,16,4,65.7
25,29,2,4,8.08,9,6,51.4
16,17,2,1,8.59,10,4,208.1
28,32,4,5,9.71,11,1,80.6
26,31,1,4,7.71,10,1,69.8
9,10,3,2,6.76,11,0,51.8
2,7,3,2,6.16,16,4,8.1
17,22,3,2,7.45,14,4,102.5
17,17,1,4,10.19,15,3,43.1
29,29,3,5,10.3,14,5,81.5
16,25,4,3,9.67,9,0,63.7
23,25,1,1,6.64,11,1,187.5
2,11,2,3,9.12,9,6,15.1
2,11,4,5,8.99,17,1,12.9
5,7,2,3,8.39,17,2,18.2
12,15,3,4,8.85,13,5,35.0
23,24,4,2,8.44,12,1,122.1
28,36,1,5,8.96,17,4,63.7
14,23,4,5,10.01,17,1,35.0
24,30,2,3,5.77,11,4,79.7
8,14,1,4,10.25,13,4,31.2
3,8,4,3,5.95,11,0,17.3
13,15,4,3,5.47,10,1,38.5
4,9,4,5,11.83,9,0,20.9
1,8,4,3,11.7,10,6,10.8
10,17,1,2,5.42,16,6,27.0
8,16,2,3,8.1,16,5,20.0
23,23,4,2,6.3,11,4,117.6
2,2,1,5,8.4,15,6,6.4
26,28,2,4,10.81,15,5,66.1
27,29,4,2,11.65,10,1,197.7
28,37,2,4,9.44,17,5,67.2
8,15,2,4,7.48,11,5,25.5
2,11,1,2,9.22,10,1,13.2
24,24,2,5,7.18,11,0,62.1
1,2,1,1,11.37,10,0,14.4
11,12,4,4,11.09,16,4,40.8
9,11,2,4,8.91,13,4,37.1
8,13,2,5,7.27,11,1,23.4
14,14,3,5,7.05,13,1,29.4
7,8,4,3,5.23,16,3,17.7
24,24,4,5,10.71,15,3,54.9
4,8,3,4,8.15,14,2,16.9
10,16,3,2,7.28,9,6,36.1
26,33,1,1,8.3,9,4,220.5
1,10,1,3,10.73,9,5,8.6
23,23,2,2,5.87,16,6,63.0
27,33,2,1,11.0,16,2,241.7
14,18,2,1,11.28,15,6,132.0
5,14,2,1,11.63,14,2,73.3
7,7,1,2,7.78,12,0,40.5
26,28,4,3,6.52,9,5,55.4
4,10,2,3,7.62,17,0,14.1
15,24,4,1,7.33,9,3,103.3
25,25,2,2,6.23,12,2,101.5
17,23,3,1,9.25,11,6,190.1
5,9,2,5,8.34,15,3,12.0
4,4,2,3,11.06,13,5,20.1
27,27,2,4,5.22,13,5,55.2
15,15,1,1,9.51,12,4,211.2
12,20,3,5,10.34,9,1,31.7
27,29,2,3,10.32,13,0,146.8
4,8,2,2,11.2,12,4,41.7
12,21,4,3,10.1,16,6,45.6
16,24,3,2,11.49,10,4,147.9
17,22,2,2,7.33,16,6,57.7
7,15,4,1,8.52,9,0,71.2
12,19,4,1,5.1,12,0,99.7
29,36,1,3,5.05,11,5,70.7
28,28,4,5,6.68,13,5,61.4
18,26,2,3,5.71,13,2,49.2
25,30,1,4,6.82,13,3,61.6
2,10,1,2,6.24,12,5,13.1
23,25,2,2,5.2,16,4,71.9
7,9,3,1,11.37,11,2,95.8
1,6,4,5,5.06,12,6,12.5
7,15,1,1,10.15,9,2,59.0
26,32,3,4,6.07,15,4,57.9
12,14,2,3,11.39,9,5,45.3
12,14,4,3,11.25,10,6,64.8
0,1,4,5,9.58,15,4,1.0
5,13,1,1,9.71,9,1,41.8
23,25,4,1,5.04,11,5,148.1
18,22,4,4,11.89,14,3,70.1
15,23,4,3,11.14,14,6,73.5
7,14,4,1,11.27,14,4,122.8
27,28,2,5,9.61,10,5,72.4
0,2,3,3,7.41,10,0,6.2
26,27,2,4,11.26,14,1,95.1
26,33,2,5,7.04,13,6,55.6
15,20,1,2,8.94,15,6,61.1
8,13,4,4,5.7,15,3,19.7
12,20,2,5,11.45,13,5,42.2
10,17,4,1,5.99,16,0,69.8
12,15,2,2,6.57,14,5,48.9
24,27,2,4,8.91,13,0,88.2
20,28,1,1,10.35,12,3,248.1
9,9,3,2,9.34,15,1,39.7
3,4,3,3,6.62,12,6,12.0
26,27,2,1,5.01,13,0,202.6
5,10,1,5,10.3,13,2,14.5
27,30,4,4,11.9,9,3,77.8
6,15,4,2,10.67,9,3,35.6
4,6,2,1,8.22,11,4,51.2
10,12,3,3,11.33,11,1,51.1
12,14,1,4,7.87,10,2,33.0
25,30,3,4,8.67,10,2,73.8
24,31,4,1,8.34,14,4,305.3
18,24,3,3,8.13,9,0,58.2
22,25,4,2,10.43,14,0,180.0
9,12,1,1,8.69,13,2,96.7
9,18,1,2,7.22,14,1,44.4
10,11,2,4,6.81,13,0,28.9
20,20,2,2,5.26,15,3,50.4
29,37,3,3,9.08,9,5,83.9
6,7,1,5,6.61,11,4,16.6
17,24,1,3,6.04,14,1,49.0
3,11,2,2,9.58,9,0,24.3
1,4,4,1,9.77,15,5,16.2
13,20,3,4,10.27,12,2,48.8
12,20,3,5,8.53,11,4,42.4
28,37,2,1,11.26,17,0,324.6
11,20,1,1,11.55,9,2,106.5
6,10,2,3,10.65,16,0,26.5
1,7,2,2,9.45,9,4,11.4
12,21,2,3,7.13,13,3,45.7
13,16,2,2,11.88,16,6,69.5
26,26,4,3,6.92,14,3,84.5
16,18,4,1,6.42,15,6,92.4
8,12,1,4,8.1,16,5,19.5
16,18,2,2,5.4,14,2,55.9
7,13,4,5,11.85,14,6,32.1
1,9,1,5,9.12,14,3,10.5
27,32,2,1,8.9,13,4,360.1
23,32,3,3,9.59,16,2,71.9
12,12,4,3,8.48,10,0,59.6
2,8,1,1,5.22,15,6,13.5
15,17,3,5,9.29,12,6,41.3
5,9,2,5,10.01,9,1,11.2
18,27,2,3,7.92,13,6,67.3
29,32,2,2,10.3,11,6,184.3
6,15,4,4,6.59,12,0,26.5
9,13,1,2,6.55,15,4,35.9
8,12,3,5,6.13,13,5,18.9
1,6,1,2,7.6,12,2,9.9
27,36,4,4,10.93,9,0,91.4
27,36,1,2,10.8,14,2,178.6
14,19,4,2,7.68,14,3,72.5
29,36,2,2,9.12,15,1,114.5
4,11,3,2,10.05,9,4,27.3
28,36,2,1,6.69,12,0,287.4
21,28,1,5,6.18,17,1,32.9
3,4,2,4,11.8,14,6,17.0
19,28,3,5,9.32,10,4,65.2
3,3,2,1,11.87,12,4,55.8
17,26,3,1,7.36,14,5,156.4
3,4,3,1,9.92,12,3,43.4
26,27,2,1,6.56,15,5,143.9
16,18,4,2,6.83,11,5,71.4
11,20,1,5,8.58,14,2,32.1
21,27,4,3,7.24,12,2,76.3
16,17,4,4,6.17,11,6,38.7
9,9,2,1,6.84,11,1,76.9
21,26,1,5,5.25,10,3,38.9
0,8,1,1,9.93,11,4,5.0
21,23,4,1,8.44,9,6,149.9
25,30,2,1,5.66,11,3,172.2
23,25,1,1,6.2,17,3,120.2
26,26,4,1,5.72,12,1,183.4
17,21,1,4,9.29,11,2,55.8
17,26,2,5,5.66,16,3,28.2
13,16,2,1,10.28,9,3,110.3
14,20,2,1,5.14,13,3,92.5
28,33,1,1,6.75,9,0,200.7
11,20,3,1,11.23,15,3,106.9
3,9,1,2,10.03,13,3,20.1
26,30,3,2,5.51,10,4,118.2
2,5,2,3,10.75,9,5,11.8
19,25,4,1,8.45,15,0,169.0
28,34,3,3,10.93,9,3,91.0
11,16,2,4,9.21,11,5,40.3
6,13,2,3,9.77,14,3,30.6
28,31,3,5,11.95,14,1,92.5
10,19,4,2,6.63,15,1,35.6
0,4,2,2,9.37,9,5,4.5
5,8,3,1,8.22,15,0,47.5
14,14,4,1,5.28,10,4,113.4
14,21,4,4,5.1,14,0,41.7
18,18,2,4,5.83,16,0,35.6
10,14,1,5,9.54,13,1,27.5
25,30,1,1,8.97,11,1,264.7
22,27,2,1,8.87,16,4,200.0
25,29,4,4,5.22,16,6,42.6
1,3,2,4,8.29,12,6,6.5
13,17,3,4,11.47,16,6,38.5
1,8,1,2,7.78,13,3,11.3
28,29,3,3,9.37,13,4,138.2
3,8,2,3,10.46,11,3,16.2
16,24,2,1,10.49,15,5,138.7
2,9,4,2,8.63,17,5,14.4
12,19,4,4,11.01,17,2,37.8
8,15,4,1,7.74,9,6,59.0
6,12,3,2,11.22,9,1,33.5
14,21,4,5,6.68,13,2,32.5
22,27,2,2,6.96,9,2,75.2
28,29,4,1,5.37,12,1,190.4
28,29,1,3,10.57,9,2,88.5
10,17,4,4,7.92,10,6,32.4
19,19,3,5,6.6,10,0,50.2
1,6,1,2,6.62,12,3,4.4
14,19,1,1,11.31,16,6,129.3
13,16,1,1,10.84,10,4,208.7
19,28,3,4,8.87,17,1,44.7
21,23,2,1,9.31,17,0,202.2
10,12,4,1,8.32,10,5,101.5
26,26,1,4,7.74,9,4,60.8
2,4,1,5,11.41,17,4,7.3
16,19,1,3,5.88,10,4,52.6
29,33,2,3,7.93,16,2,73.5
11,13,2,2,7.41,11,2,53.0
23,28,3,5,8.49,9,2,46.3
27,31,2,2,8.2,9,6,99.2
28,30,4,3,8.63,10,2,109.1
20,25,3,4,5.98,15,0,44.0
14,19,3,1,8.59,14,2,147.7
15,22,4,3,6.7,10,1,54.0
4,5,4,5,6.29,12,4,11.8
26,26,4,3,5.45,10,0,82.2
19,22,3,5,10.34,9,5,46.0
5,11,3,5,7.99,11,2,16.5
18,27,3,5,9.39,12,5,46.8
24,26,4,2,10.09,13,4,188.9
4,6,4,4,9.76,13,0,21.5
2,6,1,3,8.29,15,4,3.8
26,30,2,4,7.72,16,5,55.4
0,9,1,1,7.63,17,6,1.6
25,27,4,3,9.48,15,0,93.5
27,35,3,4,8.46,13,3,81.4
5,8,4,4,10.94,17,6,15.9
14,16,2,1,11.12,16,0,158.9
1,2,1,5,6.19,17,2,2.0
28,37,1,3,5.95,16,5,60.7
2,10,3,3,9.41,14,4,16.3
16,19,1,1,7.11,12,4,171.3
24,26,1,5,5.13,17,4,33.8
23,29,4,3,11.22,17,1,84.6
11,18,1,3,6.59,17,1,29.8
17,18,1,3,11.5,11,2,84.1
14,20,1,5,10.02,11,3,41.8
11,15,3,1,10.34,14,1,138.1
15,19,3,3,6.41,14,0,54.8
26,28,4,4,6.64,14,6,64.1
7,11,1,5,8.65,13,5,17.9
27,28,3,2,6.2,13,2,105.4
13,16,3,1,7.14,10,6,116.5
24,29,4,4,7.25,15,3,48.3
16,16,2,3,6.12,12,6,47.9
28,37,1,2,6.44,11,0,147.3
20,23,3,1,10.52,16,4,219.6
7,12,4,5,6.17,12,1,20.5
14,22,4,2,5.2,12,0,64.7
26,27,4,2,9.41,16,3,112.9
13,19,3,4,11.83,9,2,40.7
17,22,1,1,7.32,17,6,105.8
19,20,2,4,5.83,15,0,36.2
6,13,1,4,8.99,10,2,19.7
2,8,4,3,11.34,14,4,19.8
28,32,4,5,10.49,16,3,63.0
11,15,2,2,9.36,13,3,64.7
20,26,1,1,7.21,14,6,170.8
23,31,4,5,8.79,16,1,45.6
27,35,4,5,5.64,14,5,55.4
25,33,1,1,9.75,17,3,199.7
2,7,4,5,10.08,17,0,10.9
19,28,1,3,11.76,17,0,88.1
13,18,4,5,6.82,14,0,35.3
14,16,1,3,5.13,17,4,29.5
24,24,2,2,8.82,11,3,129.5
29,35,4,2,9.95,13,3,184.3
13,16,2,4,10.53,10,0,62.0
6,6,4,3,6.36,16,6,18.4
16,23,4,2,6.83,12,1,77.1
29,34,3,5,8.59,14,6,72.1
11,16,1,1,7.31,14,1,102.0
19,20,2,1,11.02,13,3,246.6
3,3,2,3,8.32,9,6,11.7
8,9,2,4,10.6,15,3,22.0
5,8,1,5,9.06,16,2,10.8
15,16,3,3,10.41,9,3,53.2
24,24,2,1,7.33,15,6,147.6
27,33,1,3,10.82,12,0,157.3
21,28,4,5,6.92,14,5,49.2
21,26,2,2,8.82,17,4,101.7
20,23,2,5,6.5,13,3,39.7
20,25,3,2,8.33,16,3,77.5
1,3,2,2,7.23,13,0,7.5
23,30,2,2,6.87,10,2,101.0
7,16,4,3,11.77,12,5,44.5
10,11,1,1,6.12,10,3,73.4
12,16,1,3,10.51,15,1,40.0
16,16,3,1,11.89,15,1,156.1
7,12,4,5,5.14,11,1,16.5
20,21,1,4,9.89,15,4,60.9
17,20,4,5,6.77,9,4,33.1
29,34,1,3,5.28,9,5,54.4
17,26,4,3,7.82,17,3,49.6
13,20,3,1,11.55,14,3,180.4
14,21,2,3,5.08,13,3,34.9
5,10,3,2,9.12,14,4,42.1
10,13,1,3,8.51,14,5,39.8
12,19,3,1,11.11,9,3,111.9
24,31,2,1,5.59,13,0,209.0
0,9,3,2,9.77,17,2,5.2
27,27,1,1,9.76,12,6,305.9
5,8,1,4,9.68,11,1,16.3
8,11,3,5,11.6,9,1,24.5
7,13,2,3,10.76,10,0,44.3
10,16,3,4,5.29,11,3,23.8
21,28,2,3,8.3,12,5,77.2
18,22,4,4,7.79,15,5,39.4
23,29,2,3,7.17,14,4,92.1
8,15,4,2,8.16,16,3,34.1
16,24,3,1,7.69,17,5,103.8
11,13,2,1,8.03,14,3,109.2
24,26,4,2,11.85,15,1,126.0
13,16,4,4,5.62,12,6,29.2
14,18,4,5,11.46,10,6,48.4
15,24,1,4,8.36,17,6,33.0
21,21,3,1,9.37,17,1,161.9
21,27,4,5,10.81,12,4,80.2
27,35,2,3,7.52,11,6,91.7
19,26,4,5,8.01,14,1,53.5
0,4,1,4,7.87,11,3,1.0
9,12,3,2,7.62,9,6,33.0
7,13,1,3,11.48,12,0,43.4
17,21,1,4,10.8,9,4,56.6
27,33,1,3,5.76,10,0,85.7
0,0,2,5,5.76,11,3,1.0
1,1,3,1,8.0,16,4,14.7
0,9,3,4,5.69,12,0,2.7
0,2,2,2,9.33,12,4,3.4
8,9,3,5,6.01,17,3,18.8
12,13,1,4,8.66,15,5,26.8
29,35,3,2,5.05,10,6,98.6
0,9,2,4,7.22,11,4,1.0
12,13,1,5,9.74,12,6,30.4
19,22,2,4,8.39,12,6,58.5
25,26,4,3,11.85,16,5,91.9
21,26,1,5,11.12,14,3,66.4
6,13,1,4,7.51,11,4,25.0
1,10,3,1,5.32,17,4,12.0
5,8,1,4,10.92,16,5,13.0
6,10,2,3,11.38,17,1,23.7
25,28,3,2,10.74,13,5,164.1
13,15,4,2,5.9,11,5,54.2
25,29,2,2,11.99,12,5,184.8
17,25,4,1,6.81,13,3,144.7
14,21,4,3,10.07,17,2,49.4
1,8,4,5,11.36,17,5,9.5
9,16,1,2,6.65,11,4,52.2
22,29,2,3,11.36,15,0,94.1
11,17,2,4,7.17,14,1,27.0
16,23,1,1,11.83,12,5,224.4
7,14,3,3,6.97,13,5,29.5
10,17,4,3,11.67,10,1,56.3
28,37,2,5,5.37,15,5,38.9
2,8,1,3,9.96,12,4,11.7
26,26,4,5,8.72,10,2,67.2
5,8,3,1,8.35,14,5,54.0
8,11,3,1,6.56,10,1,66.8
5,9,4,4,9.94,10,5,26.0
8,17,3,5,6.34,15,3,16.3
6,11,2,5,8.87,9,4,20.8
8,11,2,2,6.77,15,4,33.3
17,18,2,2,11.69,13,2,117.7
11,16,3,4,5.2,9,3,20.6
7,14,2,1,6.4,14,3,60.3
7,14,1,2,6.7,15,2,24.0
17,23,2,3,7.9,9,6,42.9
27,32,2,1,6.63,17,6,151.8
29,30,3,3,8.44,15,0,93.6
19,25,2,5,11.11,9,6,45.7
29,33,4,1,9.98,11,5,345.3
14,19,1,4,9.06,13,3,42.4
26,35,3,5,5.62,12,0,58.2
6,13,1,5,9.86,10,0,24.9
10,17,4,3,6.16,9,4,30.0
19,21,3,5,10.5,12,5,54.7
15,21,3,2,6.75,15,4,59.1
3,3,2,1,7.92,12,1,31.0
5,5,1,2,7.45,17,6,18.1
25,31,4,3,11.01,16,4,105.5
21,30,4,3,5.89,16,3,48.3
25,33,3,1,8.96,13,3,271.8
2,8,2,5,5.99,9,5,5.5
8,17,3,4,9.93,17,0,25.9
27,31,3,3,11.34,10,3,131.7
9,16,3,1,8.04,14,6,91.2
13,14,3,4,8.42,13,4,47.1
10,18,4,5,11.49,16,6,30.9
17,22,4,3,8.65,11,4,85.7
21,29,3,1,8.41,14,5,209.5
11,12,3,1,9.05,14,6,119.1
22,24,2,1,9.82,11,4,327.3
11,18,3,3,5.75,15,6,28.1
12,12,4,4,10.75,12,2,47.2
24,33,1,1,8.05,13,5,234.1
12,18,4,5,5.51,17,5,22.1
18,24,2,1,10.5,14,3,226.3
25,25,4,4,7.64,12,5,69.9
18,26,1,3,5.7,16,1,38.9
22,29,3,1,9.44,17,3,173.4
13,16,1,1,11.16,13,3,171.2
3,12,3,5,11.21,10,6,14.8
12,16,3,5,11.7,14,2,41.6
7,8,4,1,11.07,16,3,65.0
28,36,4,1,5.01,13,0,219.5
22,27,4,5,7.66,9,4,48.0
20,22,2,4,10.73,16,4,61.8
22,28,4,2,7.56,17,5,78.6
18,26,2,2,9.21,9,6,75.9
11,13,4,1,9.24,16,2,88.6
17,18,3,5,7.56,10,4,49.6
5,11,2,3,11.33,12,0,33.0
17,23,1,3,8.52,10,2,67.4
18,21,2,2,8.25,10,1,96.2
21,29,2,4,11.98,11,4,105.4
4,11,1,2,8.45,16,3,18.8
23,23,2,1,6.25,12,0,218.8
8,8,3,4,8.59,15,6,22.3
26,30,4,3,10.7,11,6,123.6
2,7,1,5,10.44,11,0,12.7
27,29,4,5,10.52,10,4,98.1
9,17,3,1,9.96,14,5,112.3
18,27,1,2,6.78,14,1,83.3
2,7,4,1,11.03,9,3,23.2
28,31,4,5,11.25,15,1,64.8
28,34,3,3,6.36,12,1,84.0
21,28,4,5,5.91,11,4,53.5
14,22,3,4,11.83,16,3,45.9
0,5,2,5,11.08,10,4,1.0
6,11,3,5,11.25,17,4,18.2
11,18,2,4,11.2,16,5,33.7
16,20,1,2,8.79,16,0,76.1
29,31,4,5,9.52,11,6,76.4
20,22,3,1,8.82,12,5,208.3
25,30,3,5,5.36,10,6,46.4
28,29,4,1,10.22,10,5,341.0
23,28,4,4,8.54,12,4,86.6
19,24,1,5,9.53,14,5,52.0
4,11,1,4,8.52,13,6,17.5
3,9,3,4,8.44,9,5,9.0
27,34,1,2,6.2,9,2,79.9
11,19,2,5,6.95,14,3,27.2
29,34,1,1,6.11,11,0,270.7
19,21,1,1,6.37,11,6,144.8
27,36,3,5,11.81,15,3,65.2
23,25,2,2,6.07,9,0,80.9
17,17,1,2,6.88,9,2,56.1
16,20,2,2,9.13,11,4,117.2
18,21,2,1,9.27,16,6,137.4
8,16,2,4,6.08,9,0,18.0
3,11,4,2,10.56,12,0,28.6
25,29,4,1,10.5,17,0,275.5
20,29,4,1,6.66,12,2,164.4
1,4,4,4,7.02,16,3,7.1
3,9,3,5,11.57,15,2,15.2
1,6,1,5,10.78,11,0,3.5
14,17,4,2,9.88,15,5,67.5
1,10,3,2,5.58,15,0,9.8
3,4,1,4,7.93,11,5,7.2
5,5,4,2,8.92,10,4,38.3
6,9,1,4,6.31,17,2,10.6
9,12,4,1,8.14,9,5,66.5
18,18,3,2,9.21,15,2,72.9
18,23,2,1,7.29,12,1,155.4
25,28,2,3,10.47,10,3,111.3
21,21,1,4,10.88,10,1,71.2
28,28,3,3,7.27,16,5,67.1
11,11,2,2,10.87,15,1,50.2
2,9,4,1,5.73,15,6,16.2
12,21,2,2,10.86,13,3,84.5
17,24,1,3,6.07,16,5,36.7
7,8,1,2,5.58,10,4,33.0
20,26,3,5,9.49,10,4,69.9
14,21,1,3,8.3,13,3,50.9
0,7,2,2,11.36,9,3,2.9
2,11,2,1,7.54,14,5,17.1
25,31,2,2,7.01,12,2,113.9
7,11,2,1,8.51,14,6,73.2
3,3,3,5,8.19,15,5,6.6
15,23,4,2,7.41,11,2,77.2
29,35,4,5,9.86,16,2,64.9
22,23,3,3,10.32,15,2,69.7
9,14,1,1,10.97,9,5,80.4
11,12,4,3,11.81,14,0,72.2
13,13,1,1,6.87,15,0,91.0
13,19,4,5,10.01,12,4,48.5
1,2,1,4,7.76,10,0,7.2
22,23,3,2,9.74,17,0,117.6
4,8,2,5,8.33,15,2,6.9
4,8,1,1,11.96,9,2,37.4
5,11,2,1,10.1,16,3,45.8
12,12,1,1,11.67,11,2,165.2
8,15,1,1,10.84,12,5,101.6
29,31,1,2,11.32,13,3,199.2
21,24,1,3,10.7,9,6,70.8
27,35,1,4,8.21,14,3,81.4
28,31,2,2,6.76,14,0,151.6
14,23,1,1,7.59,10,2,131.0
13,17,2,2,5.14,14,0,53.0
23,29,3,5,8.67,16,2,49.9
6,9,4,1,8.54,14,0,80.9
24,24,1,4,8.68,12,6,67.5
19,27,4,1,11.82,12,0,337.9
1,4,2,4,11.38,17,0,9.8
6,14,3,4,6.13,14,5,24.0
5,10,3,3,7.58,16,6,17.5
16,16,3,3,7.97,16,4,53.5
26,28,4,2,7.52,15,6,90.9
24,25,2,2,10.59,11,0,193.0
24,32,1,4,8.67,9,1,56.7
27,27,1,1,9.0,13,1,284.3
1,9,2,5,10.97,10,1,11.5
2,10,4,5,10.64,10,5,16.2
4,11,1,1,5.93,15,3,25.0
4,11,2,1,10.0,11,0,67.9
0,0,1,3,8.05,16,6,5.5
7,14,3,5,7.06,17,1,16.4
11,20,1,4,5.35,16,5,18.8
23,25,4,2,8.41,14,3,119.9
3,9,2,3,7.49,13,1,18.9
12,12,4,5,6.76,11,2,27.0
22,22,2,1,9.86,11,4,325.4
14,23,3,5,10.39,15,0,39.7
10,14,2,4,6.71,13,4,35.2
9,13,1,3,5.35,14,4,28.1
2,9,1,1,10.94,14,2,27.0
21,27,3,4,5.07,17,2,34.3
13,20,2,2,11.56,9,2,66.8
15,20,3,3,9.39,16,3,48.7
9,14,1,4,7.25,13,1,25.1
28,29,4,4,6.73,14,6,70.6
9,14,3,1,5.06,14,0,74.1
11,15,4,2,6.65,9,2,37.4
29,31,4,4,5.96,11,5,64.7
8,13,2,3,9.29,14,0,47.3
0,7,3,4,6.17,17,6,2.7
4,12,4,5,8.7,14,0,15.6
19,19,4,3,9.13,14,0,94.5
7,9,2,3,7.09,9,2,18.8
10,12,2,4,5.25,17,2,20.9
11,18,1,1,5.26,12,1,75.6
0,0,4,3,5.18,10,6,2.2
24,28,1,5,10.17,9,2,54.6
21,23,4,1,7.23,11,2,184.7
19,20,1,1,10.57,11,0,300.5
27,34,2,1,8.02,13,1,257.4
24,26,3,3,8.17,9,4,73.1
10,16,2,1,8.59,15,2,71.7
4,4,1,4,9.99,9,5,3.9
14,19,1,1,6.91,12,2,121.9
4,6,3,5,5.85,14,4,13.2
11,18,4,2,8.89,9,0,58.0
4,9,1,5,7.29,15,6,10.2
16,17,1,3,8.1,15,1,41.4
16,21,1,1,9.53,11,0,230.0
23,29,3,1,8.46,12,6,236.5
11,15,2,4,9.34,14,3,36.7
23,25,1,1,8.81,15,2,164.4
27,30,3,5,10.18,12,6,79.1
14,17,1,3,9.94,17,5,45.1
14,19,4,2,8.74,17,6,59.4
5,14,3,1,9.75,17,3,50.9
11,11,1,2,11.11,14,2,73.5
26,29,3,1,8.03,10,3,248.2
28,37,1,3,7.89,10,4,122.7
19,22,2,5,10.35,12,2,54.1
17,26,1,3,9.08,17,5,51.9
13,13,3,2,5.5,11,2,47.3
1,9,4,1,11.24,14,3,20.2
8,11,4,2,5.22,10,1,36.5
4,10,4,5,10.24,9,3,14.3
19,21,1,3,10.31,13,2,81.5
25,34,2,2,11.67,16,2,130.0
28,30,1,2,5.38,10,6,95.8
0,7,4,5,9.18,17,1,1.0
22,29,3,1,7.99,16,0,188.3
2,2,4,2,7.31,11,1,15.7
5,14,3,5,5.63,9,0,17.1
4,5,2,1,8.94,12,5,43.1
20,27,3,1,8.35,16,2,143.4
26,26,1,3,5.73,11,6,66.6
4,11,1,5,9.29,10,4,15.1
0,7,1,1,10.17,15,4,5.4
16,17,3,3,10.37,12,3,71.5
18,21,1,4,11.34,14,1,67.6
13,18,1,5,7.87,13,1,31.7
11,19,1,4,11.67,10,4,52.8
9,16,2,1,11.06,10,0,153.8
19,26,3,5,7.08,17,1,35.7
20,26,3,3,6.11,10,0,68.6
17,25,4,1,8.05,16,0,149.1
23,24,3,5,7.81,16,0,46.8
26,28,2,5,9.03,9,0,61.7
10,19,3,4,9.08,9,6,25.7
29,36,2,1,10.25,12,3,350.5
1,6,2,3,8.57,10,3,8.7
24,33,3,3,5.73,9,6,52.0
17,25,4,1,11.01,17,4,199.3
28,37,1,1,7.17,11,3,238.8
24,27,1,2,11.8,9,5,123.6
6,13,3,4,5.83,10,6,19.7
23,32,3,1,11.71,16,1,225.1
14,16,2,1,5.64,13,5,99.3
10,12,3,2,6.62,15,6,33.7
17,24,2,2,5.33,14,3,60.4
22,26,4,5,9.94,9,1,47.5
11,13,3,3,10.95,14,1,57.2
5,14,1,4,8.04,15,0,19.4
19,19,1,5,11.5,12,4,70.4
22,24,3,1,9.13,16,0,203.9
29,37,2,2,9.41,16,6,121.2
12,16,1,3,10.92,15,0,49.7
19,28,2,5,7.08,10,5,43.4
15,16,3,3,7.48,14,3,53.1
17,23,3,2,11.34,14,5,123.0
9,10,1,5,11.31,15,3,22.7
27,30,3,5,11.84,14,5,88.4
22,28,4,3,11.31,10,1,105.7
7,10,4,2,5.89,16,3,23.9
17,23,1,1,10.77,12,3,220.9
20,26,4,5,7.87,17,5,40.0
0,0,2,1,11.94,16,2,6.7
22,27,1,2,8.31,11,1,115.5
7,15,1,5,8.88,11,6,22.0
28,29,2,5,8.71,16,1,46.5
5,7,4,1,7.25,10,6,47.9
4,13,4,4,5.53,17,2,14.2
14,18,4,1,11.27,12,5,192.1
21,29,1,1,10.62,14,5,263.8
14,17,1,4,5.98,11,1,28.2
1,1,4,2,10.44,11,5,11.9
0,3,3,2,9.38,11,4,2.9
22,27,4,5,7.86,10,4,62.9
22,26,2,3,6.78,16,6,49.2
25,25,1,3,11.02,17,2,82.5
10,13,2,5,9.9,16,3,25.3
9,14,2,3,8.83,11,4,47.1
29,38,1,1,9.27,15,6,223.3
17,26,3,1,5.64,10,5,122.8
17,20,4,4,8.32,12,2,52.8
16,24,2,4,6.36,14,6,42.0
25,29,1,5,6.46,13,6,44.3
7,14,2,5,9.63,17,4,21.4
14,22,4,5,11.38,12,0,57.3
7,16,3,1,7.83,13,2,74.0
16,20,3,3,6.45,12,1,50.0
11,16,3,5,9.54,16,6,26.1
26,26,1,5,11.1,16,4,65.0
7,13,1,1,10.24,11,1,89.1
24,27,3,1,11.08,9,2,219.1
13,14,4,1,8.76,14,4,175.1
3,7,4,3,10.26,10,1,17.5
0,2,1,5,5.98,10,3,1.0
0,5,3,2,7.44,11,6,4.9
18,25,4,2,7.73,16,3,66.6
15,21,4,5,8.58,11,0,51.1
13,15,4,5,11.5,15,5,29.4
20,27,1,5,11.12,17,2,45.1
15,16,3,5,5.94,16,5,27.2
4,13,2,3,6.21,9,5,14.8
8,16,3,2,7.5,15,1,33.3
25,28,3,4,7.04,15,0,61.8
29,29,1,2,9.3,16,2,111.3
27,34,4,2,11.32,13,3,188.7
1,7,4,1,11.74,17,5,15.8
17,21,1,5,9.58,17,1,36.2
5,14,1,5,10.87,16,5,16.9
8,12,1,5,8.68,14,4,24.2
0,6,1,1,6.46,14,3,5.0
8,12,1,3,8.67,9,5,22.9
24,31,2,3,8.89,14,4,119.4
15,20,3,4,10.2,12,4,64.5
12,16,3,3,6.54,12,1,39.2
8,16,3,3,7.58,10,1,31.8
20,21,4,5,7.55,12,4,58.7
12,12,2,2,11.72,13,0,107.2
8,15,3,3,8.11,13,5,33.8
10,12,4,3,10.29,13,4,59.9
3,9,2,1,10.26,12,4,51.3
1,10,2,4,6.86,9,1,9.5
28,35,4,1,9.0,16,5,212.1
5,10,2,5,11.26,11,2,18.2
13,22,4,2,8.33,10,3,73.8
3,11,3,4,11.62,17,1,14.7
5,11,4,1,6.5,15,5,34.6
18,27,2,3,5.52,17,5,38.2
5,9,3,3,11.24,10,6,28.3
1,8,3,4,10.93,17,0,6.4
17,18,1,3,11.95,17,3,61.5
12,18,1,1,9.76,17,1,98.3
8,11,2,1,11.56,12,1,112.8
22,30,4,3,10.79,11,2,105.8
18,18,4,3,10.91,14,6,82.2
12,18,2,5,8.98,11,6,33.1
10,15,3,2,7.68,17,0,46.7
0,7,2,4,11.54,11,6,3.0
23,27,2,1,8.02,10,0,274.4
29,29,3,4,8.77,16,5,63.9
21,21,4,5,8.12,14,5,52.6
6,14,2,1,8.95,16,1,47.8
24,33,4,5,8.29,15,2,48.6
20,25,2,5,5.34,11,1,35.2
14,23,3,3,11.17,16,6,51.2
0,4,3,4,8.11,9,4,1.4
11,11,1,4,9.12,9,5,23.4
25,30,3,3,5.97,16,4,65.6
6,11,1,4,5.02,17,6,9.9
14,16,2,3,6.72,14,2,42.3
20,27,4,1,9.93,13,1,242.6
18,18,3,5,5.69,10,5,35.8
27,27,3,5,11.36,17,2,57.6
28,33,3,4,6.51,14,1,66.5
24,33,2,2,6.43,16,1,75.1
0,0,1,5,6.27,17,4,1.2
16,21,2,3,5.1,17,3,28.6
16,16,4,2,10.4,16,6,77.2
2,7,2,2,11.13,16,0,17.7
11,13,4,5,9.3,11,5,34.0
5,12,3,5,6.32,11,0,20.2
25,30,4,5,7.0,10,2,57.1
10,10,4,3,8.33,9,0,36.8
2,6,1,2,11.68,12,4,23.5
7,14,4,4,6.73,10,3,25.9
13,15,4,3,10.12,10,5,58.5
13,18,2,1,8.08,13,6,129.0
9,13,3,5,7.08,12,1,21.8
1,6,2,2,8.19,9,1,8.9
13,22,2,3,5.5,17,6,30.4
8,8,3,1,10.59,12,4,125.8
2,8,3,3,6.7,13,5,11.6
20,28,4,3,10.08,15,0,82.2
25,26,4,4,5.48,10,6,52.8
7,16,1,4,11.69,16,1,23.9
15,19,2,3,6.35,10,0,57.3
1,10,3,1,11.18,13,4,23.6
5,8,4,2,10.67,10,1,38.4
27,32,3,2,11.78,10,2,198.0
20,25,4,5,8.35,12,3,53.3
28,29,1,5,10.09,12,0,94.4
25,26,1,2,7.59,16,6,82.3
24,27,3,3,6.29,14,5,72.4
11,11,1,3,8.1,16,0,35.3
4,12,3,4,6.16,15,0,17.0
1,7,4,4,11.87,12,0,12.0
15,21,2,5,5.67,10,6,26.3
4,6,1,2,9.12,17,4,18.0
14,16,4,3,9.39,10,4,75.6
11,11,2,2,8.77,9,5,42.5
3,5,2,1,9.64,16,4,33.5
14,16,2,2,5.81,17,6,40.2
10,13,4,1,8.89,9,5,77.6
15,18,4,4,7.01,15,5,31.9
22,24,3,4,11.58,10,4,103.0
5,14,2,5,10.33,14,1,19.6
13,20,2,2,11.81,13,4,119.6
17,24,2,2,5.26,9,1,45.5
11,11,3,1,7.0,10,2,93.9
26,32,2,4,6.37,10,4,74.2
10,11,4,1,5.08,14,2,68.2
12,12,2,4,6.7,9,4,26.6
20,22,1,1,9.75,12,2,231.5
22,25,4,4,6.62,13,3,58.8
10,15,3,1,8.56,10,2,107.6
22,31,2,4,11.21,10,1,85.3
15,19,1,1,9.86,15,0,154.0
14,17,3,2,7.76,15,5,53.7
20,27,3,5,7.61,14,2,48.8
27,30,4,1,8.19,9,0,234.9
14,23,3,5,6.24,11,6,33.7
24,25,3,2,9.44,17,3,99.5
3,5,3,2,7.55,9,3,16.1
10,15,3,4,10.97,10,6,40.6
18,25,2,5,10.3,16,6,40.5
14,21,2,3,9.27,15,6,43.0
3,11,2,4,7.55,17,1,11.5
20,26,2,5,6.47,12,6,43.9
12,13,1,1,10.43,12,1,149.0
21,28,2,1,8.4,15,2,149.3
18,24,3,2,6.57,9,4,72.2
1,8,2,3,6.37,17,6,9.8
13,15,2,1,6.16,10,6,98.2
28,34,4,5,10.44,9,3,60.9
3,12,3,5,6.6,15,0,14.9
15,23,2,1,8.69,14,4,197.8
20,22,2,5,8.16,11,3,46.5
19,28,2,5,9.06,9,2,36.3
13,18,1,2,11.14,13,6,91.0
26,27,2,3,11.07,12,3,117.9
28,29,4,2,8.16,13,1,143.4
14,18,3,3,5.11,9,0,35.3
27,31,3,5,7.99,9,0,59.6
2,8,2,3,9.24,13,1,11.2
7,8,2,5,8.9,14,6,19.4
15,21,2,5,9.56,13,6,41.3
9,13,3,2,6.08,10,4,47.0
3,8,3,2,9.53,17,1,18.3
29,36,1,4,6.28,13,6,65.8
17,26,4,1,10.25,13,0,265.3
1,4,1,4,7.37,17,6,2.0
16,22,4,4,9.97,11,2,60.7
12,17,1,3,5.34,13,6,33.0
3,12,3,5,7.86,13,4,16.8
25,26,1,5,9.94,10,5,70.1
24,31,4,5,6.59,12,3,51.1
29,38,2,1,10.57,10,5,361.6
10,18,4,3,9.42,13,2,43.5
6,10,2,3,9.11,10,5,33.2
11,20,3,5,7.47,17,6,23.9
9,12,4,4,8.38,14,4,38.8
6,11,1,1,9.18,16,0,57.0
12,19,4,4,8.31,17,0,38.8
6,8,2,2,9.89,16,2,32.0
23,32,3,3,8.04,13,5,85.6
16,16,1,3,6.42,13,4,54.8
9,12,4,4,6.5,14,3,25.8
28,31,2,1,5.04,9,6,118.3
9,9,1,3,7.11,16,5,21.0
23,31,3,4,10.24,10,5,83.9
3,5,1,1,10.56,14,3,38.8
19,23,3,4,6.42,17,1,35.6
3,8,1,1,11.71,11,6,45.0
21,28,4,5,8.52,10,2,57.5
6,11,2,1,11.42,13,6,80.6
21,23,4,2,9.95,17,4,116.3
0,5,4,5,10.06,14,2,7.3
11,11,3,4,5.6,16,3,17.1
23,26,3,5,6.54,16,4,43.2
12,17,3,5,5.06,15,0,26.2
9,15,4,4,10.01,13,0,45.4
14,23,1,4,7.41,10,6,38.6
26,28,1,2,10.51,13,4,209.2
12,20,4,4,7.37,15,2,29.7
22,28,4,3,10.74,15,2,74.7
21,21,2,3,5.91,10,0,70.2
21,22,3,2,6.21,15,0,75.6
20,20,3,1,7.39,14,3,178.0
21,29,4,1,7.86,15,4,176.2
27,35,4,3,7.44,16,2,67.5
8,14,1,4,10.35,12,3,30.0
25,34,4,2,5.68,9,2,76.1
8,10,1,1,7.46,16,0,63.7
14,18,4,1,10.86,16,4,160.0
9,12,2,5,5.47,11,1,19.8
23,29,2,3,11.6,11,4,141.5
25,33,1,4,11.9,13,5,101.8
24,25,3,2,5.62,11,1,89.5
28,35,2,1,7.04,13,6,239.5
9,17,1,5,7.61,16,6,17.0
7,16,4,3,10.43,9,3,30.8
23,32,4,3,9.17,10,1,97.3
15,23,1,2,9.51,10,1,90.5
16,25,3,1,10.3,12,3,198.0
25,31,1,2,5.83,17,4,83.5
26,34,1,2,10.83,10,3,173.8
4,12,2,5,9.94,17,5,14.5
3,5,1,3,9.04,15,0,11.8
17,20,1,4,11.23,16,6,46.3
23,24,4,3,9.9,9,0,88.5
18,27,2,3,6.41,13,6,56.7
3,5,4,5,8.01,17,1,10.1
27,31,4,4,8.46,12,3,81.5
6,10,3,1,5.39,10,3,49.4
9,14,3,4,11.68,14,3,39.4
24,30,2,1,5.9,10,5,175.0
17,23,2,4,9.88,11,5,59.7
18,18,3,2,8.54,16,4,85.4
3,4,3,4,5.18,11,2,12.2
9,17,3,5,11.47,10,6,33.1
0,9,3,1,10.96,14,2,11.1
22,23,3,3,8.67,11,2,83.7
17,22,4,5,6.6,9,6,28.9
4,4,2,1,5.85,11,4,38.4
14,16,4,1,7.54,14,3,127.8
16,17,4,3,6.79,11,2,53.4
2,4,1,2,8.55,17,3,7.0
11,15,4,5,11.76,15,1,30.0
1,10,3,3,9.02,13,2,8.1
0,5,3,3,11.23,10,1,8.6
22,30,1,2,9.56,17,4,112.6
20,29,1,5,8.33,13,0,60.7
16,19,1,3,10.98,15,5,55.9
21,27,1,2,8.3,17,6,80.7
15,20,1,5,11.08,12,4,58.7
4,5,4,4,7.04,17,4,13.0
14,23,1,1,5.9,9,4,93.9
2,9,4,2,10.99,14,2,22.6
27,33,2,1,9.11,10,1,292.8
6,12,1,4,11.22,16,5,19.4
10,17,1,3,11.56,13,2,50.8
9,9,4,3,5.38,11,0,29.8
8,8,2,5,8.51,10,6,23.4
13,20,4,2,7.62,16,6,53.3
12,15,4,2,9.38,15,5,52.1
28,32,1,5,10.56,17,6,58.9
24,31,3,1,6.96,16,6,143.6
29,33,3,3,8.9,12,4,140.4
24,33,4,3,9.96,10,3,107.8
1,4,1,2,5.94,10,0,9.0
2,7,2,2,10.7,10,1,15.7
6,10,3,5,9.24,14,0,21.9
20,26,2,4,11.65,15,2,59.8
17,26,3,1,7.38,14,6,154.2
2,8,1,4,5.76,10,3,5.1
9,12,4,4,8.55,12,2,30.3
21,25,2,2,5.6,11,5,77.9
28,30,2,2,11.79,12,4,254.7
6,9,4,2,5.27,13,6,28.0
8,11,2,4,10.27,15,4,29.2
16,18,3,1,8.68,17,0,148.1
10,19,4,2,7.58,10,4,68.8
6,10,3,3,5.46,16,4,16.9
23,27,3,1,9.36,11,5,256.1
27,33,1,3,9.1,17,1,75.0
13,16,3,1,6.97,12,1,111.5
